song_title_en,song_title_si,year,writer_en,writer_si,artist_en,artist_si,lyrics,metaphor_1,metaphor_1_source,metaphor_1_target,metaphor_1_meaning,metaphor_2,metaphor_2_source,metaphor_2_target,metaphor_2_meaning
Sanasuma,සැනසුම,2008,Senaka Batagoda,සේනක බටගොඩ,Senaka Batagoda,සේනක බටගොඩ,"උඩු තොල ගාවට ලුණු දිය පිරුණා
දැනෙන්නෙ නැති තරමට
දුවනව අඳුරේ තෙරපී තරඟේ
අත පත ගාගෙන
නෑ කිසිවක් හඳුනන්නේ
නෑ කිසිවක් වැටහෙන්නේ
මා නොදැනිම හිත ඉල්ලන දෙය
සැනසුම
හොයනව යන යන තැන
සැනසුම
දැනෙනව ඇති තැන
දෝරෙ ගලා යන සෙනෙහසමයි
සැනසුම
අපි ගැන
දන්නවානම් අපි හැම
නුඹ ගැන
දැනේවි පරතෙරටම
මට විස්වාසයි ඒ තැන තියෙනව
සැනසුම
වරදින තැන් හඳුනාගෙන
ජීවත් වෙන අය ලබනවා විඳිනවා
සැනසුම
බැලුවම
ඇලෙනව හැම තැන
ගැලවුම
ලේසිම නෑ ඇලුනම","උඩු තොල ගාවට ලුණු දිය පිරුණා
දැනෙන්නෙ නැති තරමට
දුවනව අඳුරේ තෙරපී තරඟේ",අමාරු ජීවිතය,ජීවිතය,ජීවිතය විවිධ දුෂ්කරතා මැදින් ගමන් කරන අතර මිනිසුන් තම ජීවිතයේ ධාවන තරඟයක යෙදී සිටිති.,දෝරෙ ගලා යන සෙනෙහසමයි,දෝරෙ ගලා යන ,අති විශාල වශයෙන්,සෙහෙහස අති විශාල වශයෙන් ඇති බව කියවේ
Mage Lammeda,මගේ ළමැද,2010,Donald Ivan,ඩොනල්ඩ් අයිවන්,Priya Suriyasena,ප්‍රියා සූරියසේන,"මගේ ළමැද සුව යහනක්
ඔබට තනා දෙන්න කියා
භවෙන් භවේ පෙරුම් පුරා
බලා ඉන්නවා
ඒ යහනේ ඔබ සතපා
දිගු ගී වැල් මුමුනනවා
සොඳුරු ලොවක අප දෙදෙනා
හෙට තනිවෙනවා
සිහින ගෙනන කුමාරියේ
ඇගේ ලොවට එන්න එපා
ඇය රවටා කැඳවාගෙන
නොයන් කුමරියේ
මගේ ළමැද සුව යහනක්
ඔබට තනා දෙන්න කියා
භවෙන් භවේ පෙරුම් පුරා
බලා ඉන්නවා
ඒ යහනේ ඔබ සතපා
දිගු ගී වැල් මුමුනනවා
සොඳුරු ලොවක අප දෙදෙනා
හෙට තනිවෙනවා
අපට උරුම අපේ ලොවේ
හද සොම්නස් කිරුල දරා
මගේ ලඟින් සසර පුරා
ඉන්න වාසනා
මගේ ළමැද සුව යහනක්
ඔබට තනා දෙන්න කියා
භවෙන් භවේ පෙරුම් පුරා
බලා ඉන්නවා
ඒ යහනේ ඔබ සතපා
දිගු ගී වැල් මුමුනනවා
සොඳුරු ලොවක අප දෙදෙනා
හෙට තනිවෙනවා",හද සොම්නස් කිරුල දරා,හදවත,මිනිස් මනස,වැඩි සතුටක් ගෙන එන්නේ ජීවිතයේ හොඳම අවස්ථාවන්ය.,දිගු ගී වැල් මුමුනනවා,ගී වැල්,ගීත වල පද පේලි,දීර්ඝ ගීත වල පද පේලි අඩු හඩකින් ගායනා කරන බව අගවයි
Duka Wedi Nethe,දුක වැඩි නෙතේ,2014,Sajith V Chathuranga,සජිත් වී චතුරංග,Ruwan Hettiarachchi,රුවන් හෙට්ටිආරච්චි,"• Instrumental •
දුක වැඩි නෙතේ කඳුළැලි පිරේ
ඔබ නැති මොහොතේ
සැනසුම මගේ ඔබ ගෙනගියේ
ඇයි හොර රහසේ
කවදාවත් නෑ අපි හමුවන්නේ
මට යන්නට බෑ මතකෙන් ඔබගේ
• Instrumental •
දිවිය මගේ තිබෙන තුරා
පෙම් කෙරුවේ ඔබට තමා
දිවිය මගේ තිබෙන තුරා
පෙම් කෙරුවේ ඔබට තමා
යන්තම්වත් සෙනෙහේ නැතිවද දැනුනේ
තවමත් මතකයි දිව්රා මගේ බව කීවා
දිව්රා මගේ බව කීවා
• Instrumental •
පියවි ලොවේ ඉන්න සදා
හුරුකෙරුවේ ඔබම තමා
පියවි ලොවේ ඉන්න සදා
හුරුකෙරුවේ ඔබම තමා
සත්තයි රත්තරනේ ඔබ ගිය දිනයේ
හිතකින්වත් නෑ ඔබ හට සරදම් කරලා
ඔබ හට සරදම් කරලා
දුක වැඩි නෙතේ කඳුළැලි පිරේ
ඔබ නැති මොහොතේ
සැනසුම මගේ ඔබ ගෙනගියේ
ඇයි හොර රහසේ
කවදාවත් නෑ අපි හමුවන්නේ
මට යන්නට බෑ මතකෙන් ඔබගේ",පියවි ලොවේ ඉන්න සදා,මානව ක්රියා,ආදරය,ජීවිතය යහපත් කරන සැබෑ සිහියෙන් හැමදාම ජීවත් වන්න.,දුක වැඩි නෙතේ කඳුළැලි පිරේ,කඳුළැලි පිරේ,හඩනවා,දුක වැඩි නිසා හඩන බව අදහස් වේ
Adu Kule Kiyala,අඩු කුලේ කියාලා,2005,Rookantha Gunathilaka,රූකාන්ත ගුණතිලක,"Chandralekha Perera , Rookantha Gunathilake",චන්ද්‍රලේඛා පෙරේරා සහ රූකාන්ත ගුණතිලක,"අඩු කුලේ කියාලා අසරණයා
මැඩලන්නෙ මේ ලෝකේ වසලයා
වංසේ කුල බේදේ මේ ලොවේ
නොම වේ බමුණා හෝ වසලයා
අඩු කුලේ කියාලා අසරණයා
මැඩලන්නෙ මේ ලෝකේ වසලයා
වංසේ කුල බේදේ මේ ලොවේ
නොම වේ බමුණා හෝ වසලයා
පුහු මානය හෘදේ පුරවන්නේ
දස පාප ක්රියාවේ පැටලනේනේ
පුහු මානය හෘදේ පුරවන්නේ
දස පාප ක්රියාවේ පැටලනේනේ
යුතුකම් සුසිරී මග නොම දන්නේ
ඔහු නොවෙ ද මේ ලෝකේ වසලයා
වංසේ කුල බේදේ මේ ලොවේ
නොම වේ බමුණා හෝ වසලයා
අඩු කුලේ කියාලා අසරණයා
මැඩලන්නෙ මේ ලෝකේ වසලයා
වංසේ කුල බේදේ මේ ලොවේ
නොම වේ බමුණා හෝ වසලයා
එක ලේ මස නහරින් බැඳුණු තදේ
මුළු ජීවිත කාලේ විඳින වදේ
එක ලේ මස නහරින් බැඳුණු තදේ
මුළු ජීවිත කාලේ විඳින වදේ
අවසානේදී මරු සමඟ ඇදේ
මෙය නොදැන සිටින්නේ වසලයා
වංසේ කුල බේදේ මේ ලොවේ
නොම වේ බමුණා හෝ වසලයා
අඩු කුලේ කියාලා අසරණයා
මැඩලන්නෙ මේ ලෝකේ වසලයා
වංසේ කුල බේදේ මේ ලොවේ
නොම වේ බමුණා හෝ වසලයා","අඩු කුලේ කියාලා අසරණයා
මැඩලන්නෙ මේ ලෝකේ වසලයා",මානව ක්රියා,ඉහළ පන්තියේ මිනිසුන්,සමාජයේ පංතිය වෙනස්කම් ඇති කරන අතර අන් අයට නරක ලෙස සලකයි.,දස පාප ක්රියාවේ පැටලනේනේ,පැටලනේනේ,දායක වෙනවා,දස පාප ක්‍රියා වලට දායක වෙනවා
Raa Pura,රෑ පුරා,2014,Rinas Mohomad,රිනාස් මොහොමඩ්,Damith Asanka,දමිත් අසංක,"පමා වෙලා මුණ ගැහුන නිසා
දරාගන්න බැරි කදුලු උනා
මගෙ හිතත් මට අහිමි වෙලා
ඔයා මගෙ පන වෙලා නිසා
කවිකාර ඇස් දෙකේ පෙම හංගලා
මට ආයේ ඔබ වගේ තවකෙක් එපා
කවිකාර ඇස් දෙකේ පෙම හංගලා
මට ආයේ ඔබ වගේ තවකෙක් එපා
තවම මන් ඔය රුවේ අතරමං වෙලා
බලා ඉන්නේ මගෙ වෙනකන්
හුස්ම මගේ ඔයා
පමා වෙලා මුණ ගැහුන නිසා
දරාගන්න බැරි කදුලු උනා
මගෙ හිතත් මට අහිමි වෙලා
ඔයා මගෙ පන වෙලා නිසා
පිටුපාලා යන දිහා හොරැහින් බලා
දුර හිදන් හඩන්නම් ඔබ සතුටින් සිතා
පිටුපාලා යන දිහා හොරැහින් බලා
දුර හිදන් හඩන්නම් ඔබ සතුටින් සිතා
මතු බවේ හමුවෙලා යලි ලං වෙලා
තුරුලට කරන් හඩන්නම්
විදි දුක කියා
පමා වෙලා මුණ ගැහුන නිසා
දරාගන්න බැරි කදුලු උනා
මගෙ හිතත් මට අහිමි වෙලා
ඔයා මගෙ පන වෙලා නිසා",කවිකාර ඇස් දෙකේ පෙම හංගලා,ඇස්,ආදරය,ඇගේ දෑස් දෙස බලන විට ඔහුට ඇය කෙරෙහි ආදරයක් දැනුනි.,,,,
Sithe Pem Pura,සිතේ පෙම් පුරා,2014,Hemasiri Halpita,හේමසිරි හල්පිට,Damith Asanka,දමිත් අසංක,"සිතේ පෙම් පුරා මෙතරම් මොටද මහමෙරක් බරනම්
මමත් මග බලා ඉන්නම් එනතුරා මෙහේ
පෑල දොරින් හෝ එයි නම් භාර ගනිමි රන්කඳ දැන්
මන්ද බාං නුඹේ ගොරහැඩි ආලවන්තකම්
කොයි තරම් අනේ සොඳුරුද ප්‍රේමවන්තකම්

පැලේ දැල්වෙනා පහනක් මෙන් සිනාසුණේ
ඔබේ රුව තමයි තිබුණේ ලංවෙලා හදේ
දුරින් හිද බලා ඉන්නා දුරින් පෙනෙන රූ රහසින්
මන්ද බාං නුඹේ ගොරහැඩි ආලවන්තකම්
කොයි තරම් අනේ සොඳුරුද ප්‍රේමවන්තකම්

හිදියි මං මොනා කීව්වත් දන්නෙ නෑ වගේ
කතා බහ ගොළුයි නුඹගේ ඉන්න බෑ වගේ
බලෙන් හරි ලබා ගන්නම් සිහින් ඉග වනා තරහින්
මන්ද බාං නුඹේ ගොරහැඩි ආලවන්තකම්
කොයි තරම් අනේ සොඳුරුද ප්‍රේමවන්තකම්

සිතේ පෙම් පුරා මෙතරම් මොටද මහමෙරක් බරනම්
මමත් මග බලා ඉන්නම් එනතුරා මෙහේ
පෑල දොරින් හෝ එයි නම් භාර ගනිමි රන්කඳ දැන්
මන්ද බාං නුඹේ ගොරහැඩි ආලවන්තකම්
කොයි තරම් අනේ සොඳුරුද ප්‍රේමවන්තකම්",මන්ද බාං නුඹේ ගොරහැඩි ආලවන්තකම්,මානව හැසිරීම,ආදරය,ඇය ඉහළ වටිනාකමක් ඇති ආදරය ලබා දුන්නාය,,,,
Tharuka Pelin Eha,තාරුකා පෙලින් එහා,2000,Ajantha Ranasinghe,අජන්තා රණසිංහ,"Samitha Mudunkotuwa, Athula Adikari","සමිතා මුදුන්කොටුව, අතුල අදිකාරි","තාරුකා පෙලින් එහා...
සේද නිල් ගුවන් තලේ...
ලෝකයයි සුරංගනා...
මනෝනන්ද පෙම්වන්තයෝ...
එහේ ගිහින් හිදින්නෙලූ.
ආදරේ සුරංගනා...
ලෝකයේ පහන් වැටේ...
රත්තරන් පහන් තරූ...
කරයි අන්න ආරාධනා...
එහේ හිදින්න එන්නලූ...
ආදරේ කුමාරි හා...
කදු නිම්නේ අපි දෙන්නා තනිවීලා...
සුදු මීදුම් අප දෑතේ පැටලීලා...
මේ සැන්දෑ පවනැල්ලේ හරි සීතයි...
ඔබ මා ඉන්නේ මිනිසුන්ගෙන් දුර ඈතයි...
පෙම් සැදෑව මේ...
සුරගනා ලොවේ...
යහන්තලා වේවිදෝ මන්දා...
තාරුකා පෙලින් එහා...
සේද නිල් ගුවන්තලේ...
රත්තරන් පහන්තරූ...
කරයි අන්න ආරාධනා...
එහේ හිදින්න එන්නලූ...
ආදරේ කුමාරි හා...
අත් පටලා තුරු අතරින් දිව යමුදෝ...
සිරිපොද වැස්සේ අපි තෙමිලා ගුලි වෙමුදෝ...
අපි දෙන්නයි සැන්දෑවයි කදු රෑනයි...
හමු වූ යාමේ මේ යාමේ මට සීතයි...
පෙම් සැදෑව මේ...
සුරගනා ලොවේ...
යහන්තලා වේවිදෝ මන්දා...
තාරුකා පෙලින් එහා...
සේද නිල් ගුවන් තලේ...
ලෝකයයි සුරංගනා...
මනෝනන්ද පෙම්වන්තයෝ...
එහේ ගිහින් හිදින්නෙලූ...
ආදරේ සුරංගනා...
ලෝකයේ පහන් වැටේ...
රත්තරන් පහන් තරූ...
කරයි අන්න ආරාධනා...
එහේ හිදින්න එන්නලූ...
එහේ ගිහින් හිදින්නෙලූ...
එහේ හිදින්න එන්නලූ...",සුදු මීදුම් අප දෑතේ පැටලීලා.,සොබාදහම,ආදරය,ඔවුන් අතර ආදරය දිනෙන් දින ශක්තිමත් වේ,,,,
Oba Malak,ඔබ මලක්,2000,"Samitha Mudunkotuwa, Athula Adikari","සමිතා මුදුන්කොටුව, අතුල අදිකාරි","Samitha Mudunkotuwa, Athula Adikari","සමිතා මුදුන්කොටුව, අතුල අදිකාරි","ඔබ මලක් වගේ හිනහීලා
මට සතුට අරන් ආවා
සුවදෙ වෙලිලා ඔබහා බැදිලා
සසරෙ සැමදා ආවා
ඔබ මලක් වගේ හිනහීලා
මට සතුට අරන් ආවා
සුවදෙ වෙලිලා ඔබහා බැදිලා
සසරෙ සැමදා ආවා
උදා නොවු මධු වසන්තයයි මෙ ආවෙ
නිමා නොවු පෙම් හැඟුම් සදා රැදුනාවෙ
ඔබගේ කතා අහලා දිවියෙ විඩා නිවිලා
රතු රොස මල් සුදු රොස මල් තවපාට මල් පිපුනා
ඔබ මලක් වගේ හිනහීලා
මට සතුට අරන් ආවා
සුවදෙ වෙලිලා ඔබහා බැදිලා
සසරෙ සැමදා ආවා
හඩන්නෙපා යලි කවදා හො ඔය දෑසින්
ළගින් හිදින්නම් මියෙන තුරා තනි රකිමින්
ඔබගේ කතා අහලා දිවියෙ විඩා නිවිලා
රතු රොස මල් සුදු රොස මල් තව පාට මල් පිපුනා
ඔබ මලක් වගේ හිනහීලා
මට සතුට අරන් ආවා
සුවදෙ වෙලිලා ඔබහා බැදිලා
සසරෙ සැමදා ආවා
ඔබ මලක් වගේ හිනහීලා
මට සතුට අරන් ආවා
සුවදෙ වෙලිලා ඔබහා බැදිලා
සසරෙ සැමදා ආවා",ඔබ මලක් වගේ හිනහීලා,සිනහව,මුහුණ,ඇගේ සිනහව ඇගේ සුන්දර මුහුණ පිළිබිඹු කරයි,,,,
Me Wedikawa Jeewithe,මේ වේදිකාව ජීවිතේ,2000,"Samitha Mudunkotuwa, Athula Adikari","සමිතා මුදුන්කොටුව, අතුල අදිකාරි","Samitha Mudunkotuwa, Athula Adikari","සමිතා මුදුන්කොටුව, අතුල අදිකාරි","අපට සින්දුවක් ලියන්න – අපට සිංදුවක් ගයන්න
අපට සිංදුවක් අහන්න ආසයි
ඔබට සින්දුවක් ගයන්න – ඔබට සින්දුවක් වයන්න
ඔබේ සතුට වී බලන්න ආසයි

මේ වේදිකාව ජීවිතේ අපේ
සාගරේ වගේ විශාල වේ
මේ වේදිකාව ජීවිතේ අපේ
සාගරේ වගේ විශාල වේ

අපට සාමයෙන් සිටින – අපට ප්‍රේමයෙන් බැදෙන්න
අපට ක්‍රෝධයෙන් මිදෙන්න ආසයි
ඔබට පැතුම් කියන්න ඔබට වාසනා ගෙනෙන්න
ඔබට මේ පැතුම් පතන්න ආසයි

රටට සාමයත් ගෙනෙන්න – දැයට ආදරෙන් බැඳෙන්න
රටට ජිවයක් වෙන්න ආසයි
හිතේ සතුට මල් පිපෙන්න – හිතේ රස අඳුන් මැවෙන්න
ලොවට ආදරේ කරන්න ආසයි….",මේ වේදිකාව ජීවිතේ අපේ,වේදිකාව,ජීවිතය,මුළු ජීවිතයම වේදිකාවක නාට්‍යයක් වගේ.,,,,
Ran Palase,රන් පලසේ,2000,Athula Adikari,අතුල අදිකාරි,Athula Adikari,අතුල අදිකාරි,"රන් පලසේ වැතිරී ඔබ හමුවූදා
ආදරේට ආදරේ ලැබුවා
පෙම් පියසේ අපි තනිවුනු මොහොතේදි
ජීවිතේම සිහිනෙකැයි සිතුනා
ආදරයේ ඒ කුටියේ
රන් පහනේ එලියේ
මා දුටුවේ රන් දහරේ
දෙවු අඟනයි කුමරී
රන් පලසේ වැතිරී ඔබ හමුවූදා
ආදරේට ආදරේ ලැබුවා
පෙම් පියසේ අපි තනිවුනු මොහොතේදි
ජීවිතේම සිහිනෙකැයි සිතුනා
කුමරුනේ මගේ හදවත ලඟ ඇත
සිත ඔබේ රැඳිලා
කුසුමියේ ඔබේ රොන් පිරි සුවඳට
සිත බිඟුන් බැඳිලා
අද රෑට පායනා සඳුන් මගේ
රොන් බිඟුන් ඇදෙන්නපා මෙහේ
රන් පලසේ වැතිරී ඔබ හමුවූදා
ආදරේට ආදරේ ලැබුවා
පෙම් පියසේ අපි තනිවුනු මොහොතේදි
ජීවිතේම සිහිනෙකැයි සිතුනා
","කුසුමියේ ඔබේ රොන් පිරි සුවඳට
සිත බිඟුන් බැඳිලා",මී මැස්සන් සහ මල්,ආදරය,ඇගේ සම්බන්ධතාවය සැලකිල්ලෙන් හා බෙදාහදා ගැනීමෙන් පිරී ඇත.,,,,
Sudu Araliya Mala,සුදු අරලියා මල,2012,Ajith Muthukumarana,අජිත් මුතුකුමාරණ,Ajith Muthukumarana,අජිත් මුතුකුමාරණ,"සුදු අරලියා මල
පිපුනේ ඇයි තනිව
ලෙන්ගතු ඇසුරකට
මට දැන් අවසරද

ආදර වදන් දිගේ
ගලනා සුවඳ ඔබේ
සඳ එළියක්ය ලඳේ
සිත්මල කලු වුණේ

සුදු අරලියා මල
පිපුනේ ඇයි තනිව
ලෙන්ගතු ඇසුරකට
මට දැන් අවසරද

මාළිගා දොරටු වසා
ආවෙමි ඔබව සොයා
ඈතක යන්න එපා
මා ළඟ හිඳින තුරා

සුදු අරලියා මල
පිපුනේ ඇයි තනිව
ලෙන්ගතු ඇසුරකට
මට දැන් අවසරද",සුදු අරලියා මල,අරලියා මල,අලංකාරය,ඇය මලක් වගේ ඉතාමත් ලස්සනයි,,,,
Nil Upulee,නිල් උපුලී,2004,Keerthi Pasquel,කීර්ති පැස්කුවෙල්,Keerthi Pasquel,කීර්ති පැස්කුවෙල්,"නිල් උපුලී, මල් කැකුලී
නිල් උපුලී, මල් කැකුලී
මාගේ සිතේ සැංගි නොයේ
මිහිරාවියේ ආදරේ
නිල් උපුලී, මල් කැකුලී
මා ජීවිතේ සංවේදනා
පාවීලා යාවී, මල් මී වෑහේවී
මා ජීවිතේ සංවේදනා
පාවීලා යාවී, මල් මී වෑහේවී
ආරාධනා ඉඟි පෑවාදෝ?
දෑසින් කියා පෙම් සුවේ
නිල් උපුලී මල්, කැකුලී
නිල් උපුලී මල්, කැකුලී
මාගේ ළයේ පෙම් කල්පනා
නෑවිලා යාවි, ඉන් මා සෑහේවි
මාගේ ළයේ පෙම් කල්පනා
නෑවිලා යාවි, ඉන් මා සෑහේවි
ආයාචනා ඉඟි පෑවාදෝ?
පෑහෙන්න මේ මල් ලොවේ
නිල් උපුලී, මල් කැකුලී
නිල් උපුලී, මල් කැකුලී","නිල් උපුලී මල්, කැකුලී",මල්,අලංකාරය,ඇගේ මුහුණ දිලිසෙන බව කියයි,දෑසින් කියා,ඇස්,අදහස,මුහුණ භාවිතයෙන් සිතුවිලි පෙන්වීම
aadambara sada,ආඩම්බර සඳ,2009,Unknown,Unknown,Kasun Kalhara,කසුන් කල්හාර ,"ආඩම්බර සඳ සිරියහනට වැද
ඇයි අද මේ තරමට දඟ
කියන්න කියන්න කියන්න
කියන්න පුන්සඳ

කෞමතී මලක් යහනට එවන්නේ කවදද
කෞමතී මලක් යහනට එවන්නේ කවදද

දොර සිදුරෙන් ආල කැළුම්
සිරි යහනේ අතුරලා
රෑ කුමාරි මල් සුවඳක්
සුළඟෙ එවයි දවටලා…
ඕ…. හොඕ…
හැමදාමත් සිහින වැලක්
ඉහ ඉද්දර බොඳ කලා….

නීල වලා කෙඳි අමුණා
යහන වටේ සරසලා
සිකුරු තරුව කැන්දාගෙන
යහනේ සරදම් කලා…
පිණි කඳුලක් තබා හොරෙන්
උදේම පිටමං වෙලා…

ආඩම්බර සඳ සිරියහනට වැද
ඇයි අද මේ තරමට දඟ
කියන්න කියන්න කියන්න
කියන්න පුන්සඳ",ආඩම්බර සඳ සිරියහනට වැද,සඳ,කාන්තාව,ආඩම්බර සහ ලැජ්ජාශීලී පෙම්වතියක් සමඟ ආදරයෙන් ජිවත් වීම,"සිකුරු තරුව කැන්දාගෙන
යහනේ සරදම් කලා…",සිකුරු තරුව,ආදරය​,ආදරය භුක්ති විඳින යුවළක්
mage adare,මගේ ආදරේ ,2009,Unknown,Unknown,centigradz,සෙන්ටිග්‍රේට් ,"රෑ අහසේ තරු ගානට
දුර විහිදෙන අනන්තයට
සංසාරේ පතා ආපු
මගෙ ආදරේ මදි උනාදඉඟ නෙරියේ රැලි හදාපු
සවන් පතට තෝඩු දාපු
ඔය දෙතොලට හාදු දීපු
මගෙ ආදරේ මදි උනාදනුඹෙ උකුලේ හිස තියාන
සුරතලියේ හිත පුරාම
සඳ එලියේ පෙම් පුරාපු
මගෙ ආදරේ මදි උනාදනුඹෙ උකුලේ හිස තියාන
සුරතලියේ හිත පුරාම
සඳ එලියේ පෙම් පුරාපු
මගෙ ආදරේ මදි උනාදතන තම්දෙන තාන තනා
තම්දෙනා තාන තනා
තෙන තම්දෙන තම්දෙන තනා
තම්දෙනා තාන තනා","රෑ අහසේ තරු ගානට
දුර විහිදෙන අනන්තයට
",අහස,ජිවිතය,විශාල අපේක්ෂාවන් සහිතව දිගු ගමනක් යාමට සිහින දැකීම,සුරතලියේ හිත පුරාම,සුරතලිය​,ආදරවන්තිය​,ආදරවන්තිය සුරතලියකට උපමා කරයි
nethu saluna,නෙතු සැලුනා,2010,Bandula Mudannayake,බන්දුල මුදන්නයකේ ,Romesh Sugathapala,රොමේෂ් සුගතපාල ,"නෙතු සැලුනා කඳුලින් දැස තෙමී..
ඔබ සිටියා කවුළුව ළඟටම වී..
මඟතොටදී නොදුටුව විලස ඇදී..
තරහ වෙලා මට පෙම් බැඳි කුමරී..

හුම්මානේ අප හමුවී.. 
සන්තානේ තව රිදුනි..
පෙරමඟ මා අද නැවතී.. 
යලි එය සිහිකරමී 

මුවැත්තියක් ගුරුගෙට ආවා..
හන්තානත් ඉඟිඹිඟි පෑවා..
මල්පාරත් මට අත වැනුවා.. 
සුන්දරවූ සැන්දැ ගෙවුනා..

දුක සංකා නිවුනී.. 
අප දෑතම බැඳුනී..
මා ආදරේ ඔබටමයි..

වස්සානේ මහවැසි වැටුණා..
දෙසුම්හලේ පාලුව දනුනා..
මිතුරු තෙපුල් ඇස් රතු කෙරුවා..
සඳ නැතිවම සැන්දෑ ගෙවුණා..

මැයි මල් පිපෙන තුරා.. 
මහවැලි ගලන තුරා..
මා නෙත් පියෙන තුරා.. ","හන්තානත් ඉඟිඹිඟි පෑවා..
මල්පාරත් මට අත වැනුවා.. 
සුන්දරවූ සැන්දැ ගෙවුනා..
",සොබාදහම,ආදරය,ආදරනීය හා සුහද ලෙස කතා කිරිම,,,,
sulaga see pavi,සුළඟ සේ පාවී,2009,Thusith Niroshana,තුසිත් නිරෝෂන් ,centigradz,සෙන්ටිග්‍රේට් ,සුළඟ සේ පාවී ඈ යලි යාවීමා යලි තනි වී පෙර ලෙසේපෙර දිනේ හමු වී රහසින් තනි වීකී බස් ගොළු වී අද මෙසේඈ.. යලි නොඑයි… සිහිනයේ… පෙර ලෙසේ…මා.. තනි වෙලා… නොසිතු සේ… මේ රැයේ…මේ මාවතේ අප එදා හමුවෙලා…ඒ කී කතා බොඳ වෙලා…වියැකිලා….. සුළඟ සේ පාවී ඈ යලි යාවීමා යලි තනි වී පෙර ලෙසේපෙර දිනේ හමු වී රහසින් තනි වීකී බස් ගොළු වී අද මෙසේඈ.. යලි නොඑයි… සිහිනයේ… පෙර ලෙසේ…මා.. තනි වෙලා… නොසිතු සේ… මේ රැයේ…,සුළඟ සේ පාවී,සුළඟ,ජිවිතය,කිසිදු බෑදීමක් ඇති නොවන ලෙස ජීවත් වීම,,,,
Warna,වර්ණ,2009,Nadika Guruge,නදීක ගුරුගෙ,Kasun Kalhara,කසුන් කල්හාර ,"අවකාශයේ
නිමක් නැති වූ
අදුරෙන් ආ
හිරු කිරනේ නැගී
පාවී
කාලාත්‍රයේ
කාලාත්‍රයේ
පසු යාමයේ
රස පොලොවේ
ඇස ගැටී
රත් හැල්ලේ
රස වැටී
රත් හැල්ලේ
රස වැටී
සොයනැති ගිත ගතී
ස්වයංජාත රත් හැල් නෑ
රස පොලොවේ
ස්වයංජාත රත් හැල් නෑ
රස පොලොවේ
ස්වයංජාත රත් හැල් නෑ
රස පොලොවේ
ස්වයංජාත රත් හැල් නෑ
රස පොලොවේ","අදුරෙන් ආ
හිරු කිරනේ නැගී
",හිරු කිරනය,සිතුවිල්ල,ඈතට ගිය ජීවිත බේරගන්න අලුත් චින්තනයක් එනවා,,,,
Haritha Wana Rekhawa,හරිත වන රේඛාව,2009,Chaminda Rathnasuriya,චමින්ද රත්නසුරිය,Kasun Kalhara,කසුන් කල්හාර ,"හරිත වන රේඛාවෙන් වර්ණ ගෙන
වියමනක් කරන්න ඔබ ගැන
විඩාපත් මසිත ළඟ මොහොතක් නතර වී
යනවාද ඔබ මට කියන්න

ගලන ගංගාවෙන් සුසර ගෙන
අමුණන්න ගීයක් ඔබ ගැන
විඩාපත් මසිත ළඟ මොහොතක් නතර වී
යනවාද ඔබ මට කියන්න",ගලන ගංගාවෙන් සුසර ගෙන,ගංගාව,ජිවිතය,ඔබේ ජීවිතය දැනගෙන එයට පුරුදු වන්න,,,,
Pitastharayaa,පිටස්තරයා,2009,Upul Shantha,උපුල් ශාන්ත,Kasun Kalhara,කසුන් කල්හාර ,"රාත්රියේ ඇවිස්සෙන ප්රේමයේ
මග නොමග ගිහින්
හදවතේ පිටස්තරයා
ගිනි සිළුව දැක දහවලේ
ආදරේ ලුහුබඳින කාලේ
හදවතේ පිටස්තරයාඑකම සැනසුම ජීවිතේ
නොලැබී ලැබී ඔබ ලැබීමයි
එකම සැනසුම ජීවිතේ
නොලැබී ලැබී ඔබ ලැබීමයි
ප්රේමයේ පළමුවෙන් ආවයි
එනිසාම සසලයි නිසලයිරාත්රියේ ඇවිස්සෙන ප්රේමයේ
මග නොමග ගිහින්
හදවතේ පිටස්තරයා
ගිනි සිළුව දැක දහවලේ
ආදරේ ලුහුබඳින කාලේ
හදවතේ පිටස්තරයාපරම පිවිතුරු ප්රේමයේ
නොනැසී නැසී ඔබ පැතීමයි
පරම පිවිතුරු ප්රේමයේ
නොනැසී නැසී ඔබ පැතීමයි
ප්රේමයේ දේවතා රුව ඔබයි
එනිසාම ළඟයි තව දුරයිරාත්රියේ ඇවිස්සෙන ප්රේමයේ
මග නොමග ගිහින්
හදවතේ පිටස්තරයා
ගිනි සිළුව දැක දහවලේ
ආදරේ ලුහුබඳින කාලේ
හදවතේ පිටස්තරයා",ගිනි සිළුව දැක දහවලේ,ගිනි සිළුව,සිතුවිල්ල,ආදරයක් ඇති කර ගැනීමේදී තවත් පුද්ගලයෙකුට ආදරය පිළිබඳ හැඟීම් තේරුම් ගැනීම,,,,
mathake hasaral,මතකේ හසරල්,2010,Dushyanth Weeraman,දුෂ්‍යන්ත වීරමන් ,Dushyanth Weeraman,දුෂ්‍යන්ත වීරමන් ,"කියන්නට බැරි තරම් ඔබට ආදරෙයි මං
දරන්නට බැරි තරම් දුක වාවන්නට බෑ දැන්
ඔබ ඇයි කුරිරු මේ තරම්
සිතක් නැති කෙනෙක් මෙන්
මා හෙලනා මේ සුසුම ඔබට දැනෙනවා නම්
මා සොයා යලි ඇවිත් සිප ගන්නකෝ මා දෙතොල්මතකේ හසරැල් නැගෙන රැයේ
දෙනෙතින් කදුලැල් ගලා ගියේ
ජීවිතයේ රස දෑනෙන වියේ
ඔබ මා හැරදා ඇයිද ගියේ
මතකේ හසරැල් නැගෙන රැයේ
දෙනෙතින් කදුලැල් ගලා ගියේ
ජීවිතයේ රස දෑනෙන වියේ
ඔබ මා හැරදා ඇයිද ගියේ
ඔබ ඇයි අන්සතු වුනේ ඔබ ඇයි මා හැරගියේපූජනීයයි ආදරේ ඔබ එය නොදනී ප්රියේ
දිවි ඇතිතෙක් මේ බවේ ඔබට පමණයි ආදරේ
මා හද පතුලේ ඔබේ රුව සදා ඇඳී තිබේ
මා සොයා යලි ඇවිත් සිප ගන්නකෝ මා දෙතොල්සිතකින් නොව ඔබ දමා ගියේ
ඔබ ගැන සිහිවෙයි හැම මොහොතේ
දුක පමණයිමට උරුම වුනේ
සමාවෙන්න කුමරානනී","ජීවිතයේ රස දෑනෙන වියේ

",රස,ආදරනීය කාලය,"මිනිසෙකු තම ජීවිතයේ සතුට, ආදරය සහ ජීවිතය සොයන කාලයක්",,,,
sondaru sithuwam,සොදුරු සිතුවම්,2004,Unknown,Unknown,Kasun Kalhara,කසුන් කල්හාර ,"සොඳුරු සිතුවම් – කුරුළු ගී වැල්
සුවඳ මල් රොන් – සිහිල් නලරැල්
එක මිටින් ගෙනැවී…
ඔබේ හි‍‍‍තේ ඉහිරමි…

සොඳුරු සිතුවම් – කුරුළු ගී වැල්
සුවඳ මල් රොන් – සිහිල් නලරැල්
එක මිටින් ගෙනැවී…
ඔබේ හි‍‍‍තේ ඉහිරමි…

මේ දාහයේ දාඩියරේ
හිරුගේ මඟ අවුරා…
සද ගෙනැත් තබමින්
සද එලිය නාමින්…

සොඳුසොඳුරු සිතුවම් – කුරුළු ගී වැල්
සුවඳ මල් රොන් – සිහිල් නලරැල්
එක මිටින් ගෙනැවී…
ඔබේ හි‍‍‍තේ ඉහිරමි…රු සිතුවම්…

රතු පාට හැන්දෑවේ
දෑ‍ස දෙස නොබලා…
වෙන්වෙලා අවුදින්
සිහින සිතුමිනකින්…

සොඳුරු සිතුවම් – කුරුළු ගී වැල්
සුවඳ මල් රොන් – සිහිල් නලරැල්
එක මිටින් ගෙනැවී…
ඔබේ හි‍‍‍තේ ඉහිරමි…","සොඳුරු සිතුවම් – කුරුළු ගී වැල්
සුවඳ මල් රොන් – සිහිල් නලරැල්
එක මිටින් ගෙනැවී…
ඔබේ හි‍‍‍තේ ඉහිරමි…",සොබාදහම,පෙම්වවතෙකුගේ ආදරය,ස්වභාවධර්මයේ ආදරයේ සියුම් බව හරහා පෙම්වතාගේ ආදරය,"මේ දාහයේ දාඩියරේ
හිරුගේ මඟ අවුරා…
සද ගෙනැත් තබමින්
සද එලිය නාමින්…
",සොබාදහම,ආදරය,දුෂ්කර කාලවලදී සමීප වීමෙන් ජීවිතයට සහනයක් ගෙන දීම
pavela yann,පවෙලා යන්න,2004,Kasun Kalhara,කසුන් කල්හාර ,Kasun Kalhara,කසුන් කල්හාර ,"පාවෙලා යන්න මට ඉඩක් දෙන්න
හීනයක් වෙන්න මොහොතක් තනිව ඉන්න
ජීවිතේ පුරා පැතූ සිහින බොඳ වෙන්න
පෙර ඔබ එන්න
පාවෙලා යන්න මට ඉඩක් දෙන්න
හීනයක් වෙන්න මොහොතක් තනිව ඉන්න
ජීවිතේ පුරා පැතූ සිහින බොඳ වෙන්න
පෙර ඔබ එන්න
පෙර ඔබ එන්න
ආදරේ ගලා හැලෙනා දිය රැල්ල ඔබ වෙන්න
මා දවා ඒ ආදරෙන් උණුහුම සොයා යන්න
මතකය පමණයි පමණයි ඇත්තේ
මතකය පමණයි ඉතිරිවී ඇත්තේ
පාවෙලා යන්න මට ඉඩක් දෙන්න
හීනයක් වෙන්න මොහොතක් තනිව ඉන්න
ජීවිතේ පුරා පැතූ සිහින බොඳ වෙන්න
පෙර ඔබ එන්න
පාවෙලා යන්න මට ඉඩක් දෙන්න
හීනයක් වෙන්න මොහොතක් තනිව ඉන්න
ජීවිතේ පුරා පැතූ සිහින බොඳ වෙන්න
පෙර ඔබ එන්න",ආදරේ ගලා හැලෙනා දිය රැල්ල,සොබාදහම,ආදරය,දිය ඇල්ලක දිය පහරවල් ගලා වගේ ආදරනීය හැගීම් පැමිනීම,,,,
Sithija Reka ,සිතිජ රේඛා,2004,Kasun Kalhara,කසුන් කල්හාර ,Kasun Kalhara,කසුන් කල්හාර ,"සිතිජ රෙඛා ලං වුනා
පැතුම් දැසේ දිස් උනා
ආදරේ...
නොනොමි ආශා දැල් උනා
නුවන් ස්වරයෙන් මත් උනා
ජිවිතේ...
දැනෙන්නේ විශ්වයයි.
සිතිජ රෙඛා ලං වුනා... ආදරේ...
නොනොමි ආශා දිස් වුනා... ජිවිතේ...
නැවතුනේ කාලයයි...
සිනා සෙන මන්දාකිනී...
සිතුම් අහසේ පායලා. දිලිසේ...
සුසුම් සුලගේ යාවුනා... රහසේ...
හැරගියේ... තනිකමයි...
නැවතුනේ... කාලයයි...
දෙනෙත් කදුලින් වෙන්වෙලා...
සිතුම් අහසේ පාවෙලා...
දිලිසේ...
නිවී මහදේ වේදනා.
සුසුම් සුලගේ යාවුනා...
රහසේ...
දැනෙනේ විශ්වයයි...
සිතිජ රෙඛා ආදරේ... ආදරේ...
නොනිමි ආශා ජිවිතේ.ජිවිතේ...
හැරගියේ... තනිකමයි...
උතුරා යයි ආරාධනා...
සිතුම් අහසේ පායලා. දිලිසේ...
සුසුම් සුලගේ යාවුනා... රහසේ...
හැර ගියේ තනිකමයි...
නැවතුනේ කාලයයි...",සිතිජ රෙඛා ලං වුනා,සොබාදහම,ආදරය,සමාජීය වශයෙන් නොගැලපෙන පෙම්වතුන් දෙදෙනෙකු ආදරයෙන් බැඳී සිටිති,,,,
ahankara nagare,අහංකාර නගරේ,2010,Wasantha DukgannaRala,වසන්ත දුක්ගන්නාරල,Ranindu,රනිදු ,"අහංකාර නගරේ
පුරඟනක්ද ඔබ ලදුනේ
තරමට ඉඟත් බො‍හොම පොඩි
ලැමත් බොහොම ඇති දිගැස් තියෙන ලඳුනේ
කව්රුද නොක්කාඩු කිව්වේ
කව්රුද නොක්කාඩු කිව්වේ
තරමට ඉඟත් බො‍හොම පොඩි
ලැමත් බොහොම ඇති දිගැස් තියෙන ලඳුනේ

ඔය දවස තාම තරුණයි නම්
මග පෙනෙන තරම සොඳුරුයි නම්
මග තොටදී හමුවෙලා
හොද රස කථා කනට කොඳුරලා

ඔය දවස තාම තරුණයි නම්
මග පෙනෙන තරම සොඳුරුයි නම්
මග තොටදී හමුවෙලා
හොද රස කථා කනට කොඳුරලා

නුඹ වයස මටම ගැලපෙයි නම්
මව්පියන් හිතට සතුටුයි නම්
මට සිතදී සනසලා විලම කලඹලා
රැයම සරසලා

නුඹ වයස මටම ගැලපෙයි නම්
මව්පියන් හිතට සතුටුයි නම්
මට සිතදී සනසලා විලම කලඹලා
රැයම සරසලා

අහංකාර නගරේ
පුරඟනක්ද ඔබ ලදුනේ
තරමට ඉඟත් බො‍හොම පොඩි
ලැමත් බොහොම ඇති දිගැස් තියෙන ලඳුනේ
කව්රුද නොක්කාඩු කිව්වේ
කව්රුද නොක්කාඩු කිව්වේ
තරමට ඉඟත් බො‍හොම පොඩි
ලැමත් බොහොම ඇති දිගැස් තියෙන ලඳුනේ","අහංකාර නගරේ
පුරඟනක්ද ඔබ ලදුනේ
",පුරඟන,කාන්තව,නූතන නගරයක ජීවත් වන පුරඟනක ගැන විසතර කර ඇත.,,,,
Sanda Rajini,සඳ රාජිනි,2003,Rodni Widanapathirana,රොඩ්නි විදානපතිරණ ,"Nirosha Virajini
",නිරෝෂා විරාජිනී ,"සඳරාජිනි ඇයිද හැංගී ඇයිද හැංගී.....

මේ රැයේ.. පාලුවේ.. වේදනා.. මා දවාවී..

සඳ රාජිනී ඇයිද හැංගී ඇයි ද හැංගී
මේ රැයේ පාලුවේ.....

ඈ හා බැඳී ආවා එදා
සමුගන්න මාගෙන් මීදීලා.....
මතකේ සදා.. සුවඳේ වෙලී
සංසාරයේ ඉන්න මා හා......

ජීවිතේ මා පැතු ඒ සිනාවෝ.....
ජීවිතේ මා පැතු ඒ සිනාවෝ.....
වේදනා යා කලේ මායාව සේ.....
වැලපෙන්නදො මේ ලෙසින්.

සඳරාජිනි ඇයිද හැංගී ඇයිද හැංගී.....
මේ රැයේ.. පාලුවේ..

රෑ තුන්යමේ හඬනා මගෙන්
වෙන්වෙන්න සිතුවේ කෙසේදො...
සුලඟේ වෙලී කාටත් හොරා.....
මාගේ ලඟින් ඉන්නදෝ....

ජීවිතේ මා පැතූ ඒ සිනාවෝ....
ජීවිතේ මා පැතූ ඒ සිනාවෝ....
වේදනා යා කලේ මායාව සේ.....
පලිගන්නදෝ මේ ලෙසින්......

සඳරාජිනි ඇයිද හැංගී ඇයිද හැංගී.....

මේ රැයේ.. පාලුවේ.. වේදනා.. මා දවාවී.

සඳ රාජිනී ඇයිද හැංගී ඇයි ද හැංගී
මේ රැයේ පාලුවේ.....",සඳරාජිනි ඇයිද හැංගී ඇයිද හැංගී,කළුවර අහස ,ජීවිතය ,ප්‍රශ්න වලින් පිරුණු කාලයක්,,,,
Lasovin Saseli,ලසොවින් සසැලී,2003,Unknown,Unknown,"Nirosha Virajini
",නිරෝෂා විරාජිනී ,"ලසොවින් සසැලී..

කළු වළා ඇවිත්,
සිත නිවා දැමූවත් ජීවිතයේ..
පුර පස සඳ වී පායාවී,
ඔබ මගේ ළඟින්..

ගඟ දිය එරෙහිව යන ගමනේ..
මිමිණූ ගීයක තවරා...වී..
ගඟ දිය එරෙහිව යන ගමනේ..
මිමිණූ ගීයක තවරා...වී..
ඔබ මගේ කියා..
ඔබ මගේ කියා..
ලසොවින් සසැලී..

කළු වළා ඇවිත්,
සිත නිවා දැමූවත් ජීවිතයේ..
පුර පස සඳ වී පායාවී,
ඔබ මගේ ළඟින්..

නල රැල අතු ඉති මත දැවටී..
රහසින් ළංවී පවසා..වී..
නල රැල අතු ඉති මත දැවටී..
රහසින් ළංවී පවසාවී..
අපි අපේ කියා..
අපි අපේ කියා..

ලසොවින් සසැලී..

කළු වළා ඇවිත්,
සිත නිවා දැමූවත් ජීවිතයේ..
පුර පස සඳ වී පායාවී,
ඔබ මගේ ළඟින්..","කළු වළා ඇවිත්,
සිත නිවා දැමූවත් ජීවිතයේ..
",සොබාදහම ,මිනිස් මනස ,ජීවිතේ කොච්චර ප්‍රශ්න ආවත්,ගඟ දිය එරෙහිව යන ගමනේ,ගඟ දිය,ජීවිතයේ මුහුණ දෙන සිදුවීම් ,ජීවිතය විවිධ ගැටළු සහ අභියෝගවලට මුහුණ දෙයි
Gumu Gumuwa Wadule,ගුමු ගුමුව වදුලේ,2006,Sunil Ariyaratne,සුනිල් ආරියරත්න ,Samitha Mudunkotuwa,සමිතා මුදුන්කොටුව ,"ගුමු ගුමුව වදුලේ සිලිසිලිය සුලඟේ

මුනු මුනුව නදියේ කසු කුසුව ගඟුලේ
අදයි මට ඇසුනේ ...

ගුමු ගුමුව වදුලේ සිලිසිලිය සුලඟේ
මුනු මුනුව නදියේ කසු කුසුව ගඟුලේ
අදයි මට ඇසුනේ ...

විහඟ මිහිරාවී මුදුහඬින රා ගී

අ.....

විහඟ මිහිරාවී මුදුහඬින රා ගී
කොතැන තිබුනිද තී අද ගයන මේ ගී..
ගුමු ගුමුව වදුලේ සිලිසිලිය සුලඟේ
මුනු මුනුව නදියේ කසු කුසුව ගඟුලේ
අදයි මට ඇසුනේ ...

හද බදුන ඉතිරී ගලන මී මිහිරී

අ.......
හද බදුන ඉතිරී ගලන මී මිහිරී
කොතන නම් සැඟවී
තිබිනිදැයි සොයමී

ගුමු ගුමුව වදුලේ සිලිසිලිය සුලඟේ

මුනු මුනුව නදියේ කසු කුසුව ගඟුලේ
අදයි මට ඇසුනේ …

ගුමු ගුමුව වදුලේ සිලිසිලිය සුලඟේ
මුනු මුනුව නදියේ කසු කුසුව ගඟුලේ

අදයි මට ඇසුනේ …",හද බදුන ඉතිරී ගලන මී මිහිරී,හද බදුන,හදවත ,මෙම ගීත වලින් හදවත සතුටු වනු ඇත,,,,
Adarayai Karunawai,ආදරයයි කරුණාවයි,2004,Unknown,Unknown,Samitha Mudunkotuwa,සමිතා මුදුන්කොටුව ,"ආදරයයි කරුණාවයි

හිමි බැතියයි..මා හිත පාරයි
ආදරයයි..

සෝකේ උල්පත සංකා ගඟ වී
සංතාපයේ සාගරය සොයයි

සංතාපයේ සාගරය සොයයි

ආදරයයි කරුණාවයි

හිමි බැතියයි..මා හිත පාරයි
ආදරයයි..

දහසක් වටිනා මුතුහර කුමටද
සිතුසේ ගෙල පළඳන්න බැරී
හද බැති නංවන පුදසුන කුමටද
පැතුදේ ඉන් ජය ගන්න බැරී
පැතුදේ ඉන් ජය ගන්න බැරී

ආදරයයි කරුණාවයි

හිමි බැතියයි..මා හිත පාරයි
ආදරයයි..

මගෙ හිමියටයි පිදු ආලයටයි
කොහොමද එක වර හිත දෙන්නේ
නොඉඳුල් පෙම හා හිමිබැති සටනින්
ඉරණම කෙලෙසද විසඳන්නේ
ඉරණම කෙලෙසද විසඳන්නේ
ආදරයයි කරුණාවයි
හිමි බැතියයි..මා හිත පාරයි
ආදරයයි..","සෝකේ උල්පත සංකා ගඟ වී
සංතාපයේ සාගරය සොයයි",සොබාදහම ,දුක ,ඉතා කණගාටුදායක තත්වයක් අගවයි,,,,
Mathakayan Obe,Mathakayan Obe,2010,Aradhana Ekanayake,ආරාධනා ඒකනායක ,"Chamara Weerasinghe
",චාමර වීරසිංහ ,"මතකයන් ඔබේ සිතේ තබාගෙන

දුක් විදිනා මා ඔබගේ පළමු පෙම්වතා
සුවඳ පොදට පවා ඔබ පෙම් කරනා
අදටත් මම ඔබගේ පළමු පෙම්වතා
අදටත් මම ඔබගේ පළමු පෙම්වතා


සිනාසෙන්න නොහැකිනම් මට හඬන්නට

ඔබ ළඟමයි හැමදාමත් කැමති ඉන්නට

සිනාසෙන්න නොහැකිනම් මට හඬන්නට

ඔබ ළඟමයි හැමදාමත් කැමති ඉන්නට
ඉමු කඳුළැලි ගලා යන්න යනතුරුවත් මට
ඉඩ දෙන්නකො ඔබගේ ළඟම ඉන්නට

මතකයන් ඔබේ සිතේ තබාගෙන

දුක් විදිනා මා ඔබගේ පළමු පෙම්වතා

සරසවන්න ජීවිතය මට හැමදාක
ඔබේ හදින් මා ලැබුවේ කුළුඳුල් පෙම
සරසවන්න ජීවිතය මට හැමදාක
ඔබේ හදින් මා ලැබුවේ කුළුඳුල් පෙම
ජීවිතයම වරදාලා ගියමුත් පවට
වෙනසක් නෑ ආදරයේ මම තව ඔබට

මතකයන් ඔබේ සිතේ තබාගෙන

දුක් විදිනා මා ඔබගේ පළමු පෙම්වතා
සුවඳ පොදට පවා ඔබ පෙම් කරනා
අදටත් මම ඔබගේ පළමු පෙම්වතා
අදටත් මම ඔබගේ පළමු පෙම්වතා
අදටත් මම ඔබගේ පළමු පෙම්වතා",ඉමු කඳුළැලි ගලා යන්න යනතුරුවත් මට,කඳුළැලි,දුක ,දුක්බර අවස්ථාවක් පිලිබදව අදහස් කරයි,,,,
Mahalu Madame Knasiyata,මහළු මඩමේ කාන්සියට,2006,Unknown,Unknown,"Chamara Weerasinghe
",චාමර වීරසිංහ ,"මහළු මඩමේ කාන්සියට මා ගයනා මේ සී පද
මගේ පුතේ අහන්නෙපා පුදුම දුකක් මගේ සිතට
ගණන් කරන්නට පුළුවන් ජීවත් වන දවස් ගණන
ඊට කලින් මෙහෙට වරෙන් බලන්න ආසයි උඹ මට
පුංචි කාලේ මම හිතුවේ මහා මෙරක් ලෙස උඹ මට
අම්මා නැති වුණත් උඹට අඩුව මැකුවෙ හැකි විදිහට
විවාහයක් කරගත්තා උඹේ හිතේ මනාපයට
දුක පමණයි මා ලද දේ මේ දිවියේ හැමදාකම
මහළු මඩමේ කාන්සියට මා ගයනා මේ සී පද
මගේ පුතේ අහන්නෙපා පුදුම දුකක් මගේ සිතට
ගණන් කරන්නට පුළුවන් ජීවත් වන දවස් ගණන
ඊට කලින් මෙහෙට වරෙන් බලන්න ආසයි උඹ මට
දෑසෙ කඳුලු හංගා මම විඳිනවා දුක් රහසේ අද
කන්නට ආසයි ඇත්තට ගෙදර ඉදෙන බත් කට මට
කරදරයක් කරන්නෙ නෑ ජීවත්වන ටික දවසට
හීනෙන්වත් ඇවිදින් පලයන් පෙනිලා මගෙ දෑසට
මහළු මඩමේ කාන්සියට මා ගයනා මේ සී පද
මගේ පුතේ අහන්නෙපා පුදුම දුකක් මගේ සිතට
ගණන් කරන්නට පුළුවන් ජීවත් වන දවස් ගණන
ඊට කලින් මෙහෙට වරෙන් බලන්න ආසයි උඹ මට",දෑසෙ කඳුලු හංගා,කඳුලු ,දුක ,දුක පිටතට නොපෙන්වා සිටීම අදහස් කරයි,,,,
Supun Sanda Payala ne,සුපුන් සඳ පායලා නෑ,2006,Unknown,Unknown,Paul Fernando,පෝල් ප්‍රනාන්දු ,"සුපුන් සඳ පායලා නෑ
අහසේ රන් තරු දිලෙන්නේ නෑ
ඔබේ ගී හඬ ඇසෙන්නේ නෑ
සවන් පිනවන්නේ නෑ
සුවඳ ඇති මල සතු වෙලා
සිටි මහද මැලවිලා
මව්පියෝ කී බස අසාලා
ඇයිදෝ ගියේ මා දා
සුවඳ ඇති මල සතු වෙලා
සිටි මහද මැලවිලා
මව්පියෝ කී බස අසාලා
ඇයිදෝ ගියේ මා දා
සුපුන් සඳ පායලා නෑ
අහසේ රන් තරු දිලෙන්නේ නෑ
ඔබේ ගී හඬ ඇසෙන්නේ නෑ
සවන් පිනවන්නේ නෑ
දිළිඳුකම මා පරදලා
තිබු මැණික නැති කළා
සදා අඳුරේ ගිල්වලා
සිටියේ ඇයිද බලා
දිළිඳුකම මා පරදලා
තිබු මැණික නැති කළා
සදා අඳුරේ ගිල්වලා
සිටියේ ඇයිද බලා
සුපුන් සඳ පායලා නෑ
අහසේ රන් තරු දිලෙන්නේ නෑ
ඔබේ ගී හඬ ඇසෙන්නේ නෑ
සවන් පිනවන්නේ නෑ",ඔබේ ගී හඬ ඇසෙන්නේ නෑ,ගී හඬ,කටහඬ ,"ඔබ මගේ ජීවිතයෙන් බොහෝ දුරයි
",,,,
Pichcha pokuru,පිච්ච පොකුරු,2006,Unknown,Unknown,Chamara Ranawaka,චාමර රණවක ,"සුදු පිච්ච පොකුරු මම ඉහේ පලන්දල නුඹ කැන්දන් එනවා
මුළු ගම්මානෙම මම නුඹව ඇවිද්දලා සිරිත් කියාදෙනවා
අපේ අප්ප කුඩප්පලා මාමලා නැන්දලා මුණගස්සලා දෙනවා
ඔරුවෙ නග්ගගෙන මාර වැව වටේ රවුමක් ගෙනියනවා
සුදු පිච්ච පොකුරු මම ඉහේ පලන්දල නුඹ කැන්දන් එනවා
මුළු ගම්මානෙම මම නුඹව ඇවිද්දලා සිරිත් කියාදෙනවා
අපේ අප්ප කුඩප්පලා මාමලා නැන්දලා මුණගස්සලා දෙනවා
ඔරුවෙ නග්ගගෙන මාර වැව වටේ රවුමක් ගෙනියනවා
වටින් ගොඩින් හොර රහසින් නුඹ මට කැන්දන් යන්නට බෑ
මගෙ නෑයො පරාණේ බලන් ඉන්නවා ඇස් වහගන්නනෙත් නෑ
අපෙ අම්මා වියන පන් පැදුරේ උඹට හොඳ නින්ද යයි ද දන්නෑ
අප්පා රෑට පැණි බීලා ඇවිත් මොර තියයිද දන්නෙත් නෑ
සුදු පිච්ච පොකුරු මම ඉහේ පලන්දල නුඹ කැන්දන් එනවා
මුළු ගම්මානෙම මම නුඹව ඇවිද්දලා සිරිත් කියාදෙනවා
අපේ අප්ප කුඩප්පලා මාමලා නැන්දලා මුණගස්සලා දෙනවා
ඔරුවෙ නග්ගගෙන මාර වැව වටේ රවුමක් ගෙනියනවා
වෙසක් සඳේ නුඹ හිනා වෙන්නෙ නෑ එදාට පායාපන්
පුවක් මලේ නුඹ තව මොරන් නෑ එදාට සරසාපන්
තරු පොකුරු පොකුරු ඇගේ මූණ වටේ මල් මල් සිරියාවන්
දකින දකින කල පුංචි පැලේ දුක නැති බව පවසාපන්
සුදු පිච්ච පොකුරු මම ඉහේ පලන්දල නුඹ කැන්දන් එනවා
මුළු ගම්මානෙම මම නුඹව ඇවිද්දලා සිරිත් කියාදෙනවා
අපේ අප්ප කුඩප්පලා මාමලා නැන්දලා මුණගස්සලා දෙනවා
ඔරුවෙ නග්ගගෙන මාර වැව වටේ රවුමක් ගෙනියනවා
සුදු පිච්ච පොකුරු මම ඉහේ පලන්දල නුඹ කැන්දන් එනවා
මුළු ගම්මානෙම මම නුඹව ඇවිද්දලා සිරිත් කියාදෙනවා
අපේ අප්ප කුඩප්පලා මාමලා නැන්දලා මුණගස්සලා දෙනවා
ඔරුවෙ නග්ගගෙන මාර වැව වටේ රවුමක් ගෙනියනවා
ඔරුවෙ නග්ගගෙන මාර වැව වටේ රවුමක් ගෙනියනවා",අප්පා රෑට පැණි බීලා ඇවිත් මොර තියයිද දන්නෙත් නෑ,පැණි ,මද්‍යසාර ,තාත්තා බීලා ඇවිත් කරදර කරයිද කියලා සැකයි,,,,
Hitha hadaganna,හිත හදාගන්න,2012,Sathyajith Lakmal,සත්‍යජිත් ලක්මාල් ,Manjula Pushpakumara,මංජුල පුෂ්පකුමාර ,"හිත හදාගන්න පුළුවන්නම් හදාගන්න තිබුනා
ඔබ මවාදුන්නු ලෝකයෙ මම නිහඬවෙලා උන්නා
දුර ඈත ඉදන් සිහින ගෙනත් මගෙ ලෝකය පුරවා
බොරු ආදරයක් පෙන්වා ඔබ මා අසරණ කෙරුවා
මගෙන් අරගෙන ආදරේ අහුරක්
දුන්නෙ මා හට ආදරේ බිඳුවක්
ඒක නිසයි කඳුළුම විතරක්
ආදරය නිහඬම සෙවණක්
හිත හදාගන්න පුළුවන්නම් හදාගන්න තිබුනා
ඔබ මවාදුන්නු ලෝකයෙ මම නිහඬවෙලා උන්නා
දුරින් ඉදගෙන ආදරේ කෙරුවත්
ඔයා දන්නෙ නෑ තිබුනු සෙනෙහසක්
ඒක නිසයි මෙතරම්ම දුකක්
ආදරය නිහඬම ගොදුරක්
හිත හදාගන්න පුළුවන්නම් හදාගන්න තිබුනා
ඔබ මවාදුන්නු ලෝකයෙ මම නිහඬවෙලා උන්නා
දුර ඈත ඉදන් සිහින ගෙනත් මගෙ ලෝකය පුරවා
බොරු ආදරයක් පෙන්වා ඔබ මා අසරණ කෙරුවා",දුර ඈත ඉදන් සිහින ගෙනත් මගෙ ලෝකය පුරවා,දුර ඈත ඉදන් සිහින,"අනාගත බලාපොරොත්තු 
",ඔහු ජීවිතයේ අනාගතය ගැන බොහෝ බලාපොරොත්තු ලබා දුන්නේය,,,,
Baloliya mal suwandata,බාලොලියා මල් සුවඳට,2012,Unknown,Unknown,Manjula Pushpakumara         ,මංජුල පුෂ්පකුමාර ,"බාලොලියා මල් සුවඳට එන්න දෙන්න
අම්මේ එපා ජනේලය වහන්න
කිරි සුදු හඳ එළියට එන්න දෙන්න
අම්මේ එපා ජනෙල් තිර දමන්න
කිසිම සුවඳක් නැති ජීවිතයට මල් සුවඳක් ඇත්නම්
ඒ සුවඳ දිගේ හෙට දවසට පියාඹන්න පුළුවන්
හෙට දවසේ මල් පිපෙන තැනක නතර වෙලා ඉන්නම්
බාලොලියා මල් සුවඳට එන්න දෙන්න
අම්මේ එපා ජනේලය වහන්න
කිරි සුදු හඳ එළියට එන්න දෙන්න
අම්මේ එපා ජනෙල් තිර දමන්න
භීත නිල් කළුවර මා වටකර හිත රිදවනවා නම්
සීත සඳ එළියට මගේ ළඟට එන්නට ඇයි තහනම්
ඒ හඳ එලියේ මගේ සිහින දකින්න මට පුළුවන්
බාලොලියා මල් සුවඳට එන්න දෙන්න
අම්මේ එපා ජනේලය වහන්න
කිරි සුදු හඳ එළියට එන්න දෙන්න
අම්මේ එපා ජනෙල් තිර දමන්න",කිසිම සුවඳක් නැති ජීවිතයට මල් සුවඳක් ඇත්නම්,සුවඳ ,බලාපොරොත්තු ,බලාපොරොත්තු සුන් වූ ජීවිතයක් ගැන ඔබට බලාපොරොත්තුවක් තිබේ නම්,,,,
Upul Nuwan,උපුල් නුවන්,2010,Ogasthas Winayagarathnam,ඕගස්තස් විනයාගරත්නම් ,Milton Mallawaarachchi,මිල්ටන් මල්ලවආරච්චි ,"උපුල් නුවන් විදහා
ඔබ සිනාසුණා
මම සිනාසුණා
පුළුන් පොදක් කළ මා
ළඳකි වාසනා
නම මෝනාලිසා
හද පාරන මාරුතයේ
ඔබ ආ හැටි ආදරියේ
හැමදාකම මා පැතුවේ
සුවඳයි මලයි ඔබමයි
උපුල් නුවන් විදහා
ඔබ සිනාසුණා
මම සිනාසුණා
පුළුන් පොදක් කළ මා
ළඳකි වාසනා
නම මෝනාලිසා
ගිමන් නිවා යන ගමනේ වාරු නගාලා
තුරුල් වුණා ඇය හිරිපොද හැඟුම් සලාලා
පැතුම් විමානේ දැල් කවුළුවෙන් බලාලා
දුටු වුවනයි නිසල කළේ මා හද ජාලා
උපුල් නුවන් විදහා
ඔබ සිනාසුණා
මම සිනාසුණා
පුළුන් පොදක් කළ මා
ළඳකි වාසනා
නම මෝනාලිසා
හද පාරන මාරුතයේ
ඔබ ආ හැටි ආදරියේ
හැමදාකම මා පැතුවේ
සුවඳයි මලයි ඔබමයි
උපුල් නුවන් විදහා
ඔබ සිනාසුණා
මම සිනාසුණා
පුළුන් පොදක් කළ මා
ළඳකි වාසනා
නම මෝනාලිසා",හිරිපොද හැඟුම් සලාලා,හැඟුම්,ආදරය ,ආදර හැගීම්,,,,
Sitha Handa Kare,සීත හැන්දෑකරේ,2006,Unknown,Unknown,Ajith Bandara,අජිත් බණ්ඩාර ,"සීත හැන්දෑකරේ සුදු සේද මීදුම් මැදින්
කන්ද මුදුනින් හොරෙන් කවුද එබිකම් කළේ
පූර්ණ චන්ද්රාද ඒ ඈත ලයිමේ තැනූ
හීන ප්රාසාදයේ චාරු දේවි ද මේ
සීත හැන්දෑකරේ සුදු සේද මීදුම් මැදින්
කන්ද මුදුනින් හොරෙන් කවුද එබිකම් කළේ
සීත හැන්දෑකරේ සුදු සේද මීදුම් මැදින්
කන්ද මුදුනින් හොරෙන් කවුද එබිකම් කළේ
කඳුයාය පීරමින් මදහාස පා සෙමෙන්
මට පේන හින්දා ඈතින් සඳ පාන හැංගුණාදෙන්
මඳ සීත මාරුතේ තනි යහන පාළුවෙන්
කරකාර ලන්න ඇත්නම් මගේ හීන රාජිනී
සදා මා පැතූ සිනාවේ ඔබේ දෑස වාසනාවේ
දයාලූ පෙමින් උදාවේ සැනසීම මා පැතුවේ
සදා මා පැතූ සිනාවේ ඔබේ දෑස වාසනාවේ
දයාලූ පෙමින් උදාවේ සැනසීම මා පැතුවේ
සීත හැන්දෑකරේ සුදු සේද මීදුම් මැදින්
කන්ද මුදුනින් හොරෙන් කවුද එබිකම් කළේ
පූර්ණ චන්ද්රාද ඒ ඈත ලයිමේ තැනූ
හීන ප්රාසාදයේ චාරු දේවි ද මේ
සීත හැන්දෑකරේ සුදු සේද මීදුම් මැදින්
කන්ද මුදුනින් හොරෙන් කවුද එබිකම් කළේ
සීත හැන්දෑකරේ සුදු සේද මීදුම් මැදින්
කන්ද මුදුනින් හොරෙන් කවුද එබිකම් කළේ
සඳරේණු හාඳුවේ හිත මාගෙ නාවමින්
මට හාද වු සැනින් මං සඳ තාරකා ගෙනෙන්නම්
කඳු පාමුලේ තැනූ රන් රෝස මාලිගේ
ඔබගේ නමින් පුදන්නම් පණසේම මං රකින්නම්
සදා මා පැතූ සිනාවේ ඔබේ දෑස වාසනාවේ
දයාලූ පෙමින් උදාවේ සැනසීම මා පැතුවේ
සදා මා පැතූ සිනාවේ ඔබේ දෑස වාසනාවේ
දයාලූ පෙමින් උදාවේ සැනසීම මා පැතුවේ
සීත හැන්දෑකරේ සුදු සේද මීදුම් මැදින්
කන්ද මුදුනින් හොරෙන් කවුද එබිකම් කළේ
පූර්ණ චන්ද්රාද ඒ ඈත ලයිමේ තැනූ
හීන ප්රාසාදයේ චාරු දේවි ද මේ
සීත හැන්දෑකරේ සුදු සේද මීදුම් මැදින්
කන්ද මුදුනින් හොරෙන් කවුද එබිකම් කළේ",තනි යහන පාළුවෙන්,තනි යහන,තනිකම ,තනිකම නිසා ජීවිතයට දැනෙන පාළු සහගත බව,,,,
Meeduma Uthurana,මීදුම උතුරන,2005,Nilar N Kasim,නිලාර් එන් කාසිම්,Bathiya And Santhus,භාතිය සහ සන්තුෂ්,"මීදුම උතුරන සඳපානේ
මීවිත හිස් වෙයි මදු බඳුනේ
මීදුම උතුරන සඳපානේ
මීවිත හිස් වෙයි මදු බඳුනේ
පන්සිළු අා විලසින විගසේ
කන් කළුවෙන් සාදය සතොසේ
නන්දන උයනක වාගේ
නිම් නැති අත්තල නාදේ
නංවයි සක්සල රාවේ
නූපුර කිංකිනි ජාලා
නැලවෙන නර්තන සේනා
මිහිබට සුරඟුන් සේ මා
පිනවන දුටු දන සෑමා
සඳ සොමියෙන් වෑහුනා
සිත සිත රස ගෑවුනා
මන කොඳ මල් පීදුනා
දන මන පොබයන යාමේ
එලඹෙන දවසට ආයේ
දල්වයි දිවි අනුරාගේ
අඳුරට පුර හඳ වාගේ
සුව සිතිවිලි වෑහෙනා
රැය අඳුරෙන් ආ නිසා
සුභ සිහිනය යාවුනා
මීදුම උතුරන සඳ පානේ
මීවිත හිස් වෙයි මදු බඳුනේ
පන්සිළු අා විලසින විගසේ
කන් කළුවෙන් සාදය සතොසේ
නන්දන උයනක වාගේ
නිම් නැති අත්තල නාදේ
නංවයි සක්සල රාවේ",සඳ සොමියෙන් වෑහුනා,සතුට ,සොබාදහම ,සද දීප්තියෙන් පායා ඇත ,"පන්සිළු අා විලසින විගසේ
කන් කළුවෙන් සාදය සතොසේ",පන්සිළු ,ගායකයා ,ඉතාමත් මිහිරි ගියක හඩක් ඇසෙන බව 
Sathuta Shoke,සතුට ශෝකේ ,2008,Karunarathna Abeysekare and M.K. Rocksami,කරුණාරත්න අබේසේකර සහ එම්.කේ. රොක්සාමි,Latha Walpola,ලතා වල්පොල,"සතුට සෝකේ ජය පරාජේ

අපටමයි මේ ලෝකයේ.....
එයට පිටුපා මෙලොව මිනිසා
කිසි තැනක දී නෑ ගියේ.......
සතුට සෝකේ ජය පරාජේ
අපටමයි මේ ලෝකයේ......

අතට ආ ඒ රන් කුරුල්ලා
අතැර දැම්මේ ඇයි එදා......

සිතට එකඟව සිතා බලනූ
දැනේ සෝකේ මුල මෙදා......
ශෝචනීයයි ජීවිතේ

එනතුරා සැප මාරුතේ......

සතුට සෝකේ ජය පරාජේ
අපටමයි මේ ලෝකයේ.....


බොන්න ගත් ඒ රිදී බඳුනේ
දිය සිඳී වියළී ගියා......
දරුණු දෛවේ කාරුණික නෑ
බොහෝ විට නුඹ දේ දයා......
ශෝචනීයයි ජීවිතේ

එනතුරා සැප මාරුතේ.......

සතුට සෝකේ ජය පරාජේ

අපටමයි මේ ලෝකයේ.....
එයට පිටුපා මෙලොව මිනිසා
කිසි තැනක දී නෑ ගියේ.......
කිසි තැනක දී නෑ ගියේ.......
කිසි තැනක දී නෑ ගියේ.......",බොන්න ගත් ඒ රිදී බඳුනේ දිය සිඳී වියළී ගියා,භාණ්ඩ ,ආදරය ,ඔහු කරන්න පටන් ගත්ත වටිනා ආදරයේ සතුට නැතිවෙලා,අතට ආ ඒ රන් කුරුල්ලා,කුරුල්ලා ,අවස්ථාව ,ලැබූ අවස්ථාව අතහැර දමා ඇති බව හගවයි
Nilmini Sengi Pawi,නිල්මිණි සැංගී පාවී,2008,Karunarathna Abeysekara,කරුණාරත්න අබේසේකර,Latha Walpola,ලතා වල්පොල,"නිල්මිණි සැංගී පාවී චංචල ගංගාවේ
නිල්මිණි සැංගී පාවී චංචල ගංගාවේ
ඉවුරේ රැවුදේ මධුර මනෝහර
විවිධවි හමුවේනා.....
නිල්මිණි සැංගී පාවී චංචල ගංගාවේ
නිල්මිණි සැංගී පාවී චංචල ගංගාවේ....
කන්දෙන් බිහිවී නිල්වන් රළපෙල නංවාලා
ඉන්නා ඩිංගේ සතුටින් ඉන්නට පෙන්වාලා...
කන්දෙන් බිහිවී නිල්වන් රළපෙල නංවාලා
ඉන්නා ඩිංගේ සතුටින් ඉන්නට පෙන්වාලා...
ඉනු සැනසිල්ලේ............
ලාලිත කැල්මේ.............
ඉනු සැනසිල්ලේ
ලාලිත කැල්මේ
වනන්තරේ රං ඔංචිල්ලේ....
නිල්මිණි සැංගී පාවී චංචල ගංගාවේ
නිල්මිණි සැංගී පාවී චංචල ගංගාවේ
ඉවුරේ රැවුදේ මධුර මනෝහර
විවිධවි හමුවේනා.....
නිල්මිණි සැංගී පාවී චංචල ගංගාවේ
නිල්මිණි සැංගී පාවී චංචල ගංගාවේ....

පෙම්බර සුහදා හා එක්වීලා ගුම්දීලා
සැනසී පෑහී සිතුසේ රගනා රැංදීලා....
පෙම්බර සුහදා හා එක්වීලා ගුම්දීලා
සැනසී පෑහී සිතුසේ රගනා රැංදීලා....
සතුට තුරැල්ලේ..........
ඉන්න නිදැල්ලේ.........
සතුට තුරැල්ලේ
ඉන්න නිදැල්ලේ
මටත් කියාපන් සියුමැල්ලේ.....

නිල්මිණි සැංගී පාවී චංචල ගංගාවේ

නිල්මිණි සැංගී පාවී චංචල ගංගාවේ
ඉවුරේ රැවුදේ මධුර මනෝහර
විවිධවි හමුවේනා.....
නිල්මිණි සැංගී පාවී චංචල ගංගාවේ
නිල්මිණි සැංගී පාවී චංචල ගංගාවේ....
නිල්මිණි සැංගී පාවී චංචල ගංගාවේ....",වනන්තරේ රං ඔංචිල්ලේ....,භාණ්ඩ ,සොබාදහම ,කැලයේ ඇති මනරම් ගස් වැල් ගැන කියවෙයි,ඉවුරේ රැවුදේ මධුර මනෝහර,රැව්දෙනවා ,පෙනෙනවා ,ඉවුරේ දක්නට ලැබෙන බව අදහස් කරයි
Pini Binduwak,පිණි බිඳුවක්,2005,Unkown,නොදනී ,Bathiya and Santhush,භාතිය සහ සන්තුෂ්,"පිණි බිඳුවක්, වෙන්නට ආසයි...
මිහි මත සිසිලස රැඳුනූ...
දිය රැල්ලක්, වෙන්නට ආසයි...
දොළ මත දිය රැල් නැගුනූ...

සිසිලස දෙන්නම්, මා සැමදා..
පවනක් වී එන හමා...
සුරකින්නම් සෙනෙහස සැමදා
ඔබෙ මතකය සිත් පුරා....
හිරු පායා එන මොහොතේ..
සඳ සැගවී ...යයි අහසේ
ඔබ මා වෙත, එන දවසේ..
කඳුළැල් වියැකෙන මොහොතේ..
ඔබ එන දිනේ ....කඳුළැල්, වියැකෙන මොහොතේ..
පැතුවා සෙනෙහේ... රැඳුනා දෙහදේ..
සැමදා රැඳෙනසේ...
පිණි බිඳුවක්, වෙන්නට ආසයි...
මිහි මත සිසිලස රැඳුනූ...
දිය රැල්ලක්, වෙන්නට ආසයි...
දොළ මත දිය රැල් නැගුනූ...
සිසිලස දෙන්නම්, මා සැමදා..
පවනක් වී එන හමා...
සුරකින්නම් සෙනෙහස සැමදා
ඔබෙ මතකය සිත් පුරා....

අතිනත පැටලී යන මොහොතේ
සතුටක් දැනුනා හිත් අහසේ
පැතු සිහින පැතුම් ඒ දවසේ .රැඳුනා දෙහදේ..
ඔබ එන දිනේ...
කඳුළැල්, වියැකෙන මොහොතේ..
පැතුවා සෙනෙහේ... රැඳුනා දෙහදේ..
සැමදා රැඳෙනසේ...
පිණි බිඳුවක්, වෙන්නට ආසයි...
මිහි මත සිසිලස රැඳුනූ...
දිය රැල්ලක්, වෙන්නට ආසයි...
දොළ මත දිය රැල් නැගුනූ...
සිසිලස දෙන්නම්, මා සැමදා..
පවනක් වී එන හමා...
සුරකින්නම් සෙනෙහස සැමදා
ඔබෙ මතකය සිත් පුරා....
සුරකින්නම් සෙනෙහස සැමදා
ඔබෙ මතකය සිත් පුරා....
සුරකින්නම් සෙනෙහස සැමදා

ඔබෙ මතකය සිත් පුරා....","සිසිලස දෙන්නම්, මා සැමදා..
පවනක් වී එන හමා...",සොබාදහම ,ආරක්ෂාව ,සෑම විටම සැලකිලිමත්ව ආරක්ෂාකාරිව බලාගන්න බව අගවයි ,,,,
Ma Handawala,මා හඬවලා,2010,Rookantha Gunathilaka,රූකාන්ත ගුණතිලක,Bathiya and Santhush,භාතිය සහ සන්තුෂ්,"මා හඬවලා, හදවත සලා
පෙරදාක මාගෙ දෙනුවන් රතු වෙලා
දැන් කිසි දිනේ නැහැ ඒ වගේ
හද ආදරේ පිරී ඉතිරෙනවා
සිත පිබිදී, නෙතු පැහැදී
ඔබ හමු වී, සුවඳ දිදී
දිවිය පුරා මම එනවා
මගෙ දෑතින් ඔබ අල්ලා
මා හඬවලා, හදවත සලා
පෙරදාක මාගෙ දෙනුවන් රතු වෙලා
දැන් කිසි දිනේ නැහැ ඒ වගේ
හද ආදරේ පිරී ඉතිරෙනවා
හද උදුරා ගන්නට බෑ
සිත පාරා සනසනු බෑ
අවරගිරින් හිරු පායනු බෑ
ඇය හා මා එක් වෙනු බෑ
මා හඬවලා, හදවත සලා
පෙරදාක මාගෙ දෙනුවන් රතු වෙලා
දැන් කිසි දිනේ නැහැ ඒ වගේ
හද ආදරේ පිරී ඉතිරෙනවා
හද ආදරේ පිරී ඉතිරෙනවා
හද ආදරේ පිරී ඉතිරෙනවා",පෙරදාක මාගෙ දෙනුවන් රතු වෙලා,පාට ,කරදරය ,පෙරදිනයක ඇඩු බව අදහස් කරයි,,,,
Ran wan Ran Karalin,රන් වන රන් කරලින් ,2003,Latha walpola ,ලතා වල්පොල,Latha Walpola,ලතා වල්පොල,"දිනිදා උදය ගිර මුදුනින් නැග එනවා ..

සුරිදා පිහිට යැද ගොවි කුබුරට යනවා ...

රන්වන් දුල් කරලින්
පැසිලා නැමිලා බර වීලා ..
තල වැවිලා රමණී සෝබා
කෙත්වතු පිරිලා සාරා..
ඕ...කෙත්වතු පිරිලා සාරා..//

රන්වන් දුල් කරලින්
පැසිලා නැමිලා බර වීලා ..
තල වැවිලා රමණී සෝබා
කෙත්වතු පිරිලා සාරා..
ඕ...කෙත්වතු පිරිලා සාරා..//

ඉග නලවා කපමූ නෙලමූ හෝ හෝ යියා..//
මිටි බැදලා හිස මත ගනිමූ..
යාමු පෙල සෑදිලා...///

මිටි බැදලා හිස මත
ගනිමූ..යාමු පෙල සෑදිලා...

බට ලී සංගීතේ මත් වූ ගවයෝ රැලේයා..

ගොපලුන් හා මිහිරේ වෙලිලා
යාවි රංචූ හෝ යි යා..
ඕ... යාවි රංචූ හෝ යි යා..//

රන්වන් දුල් කරලින්

පැසිලා නැමිලා බර වීලා ..
තල වැවිලා රමණී සෝබා
කෙත්වතු පිරිලා සාරා..
ඕ...කෙත්වතු පිරිලා සාරා..//

මද සුළගේ කුල්ලෙන් පොලලා හෝ හෝ යියා..//

තල වේලා බොල් පොතු හැරලා
කමතේ පිරි ධාන්‍යා...///

තල වේලා බොල් පොතු හැරලා

කමතේ පිරි ධාන්‍යා...

සැම දෙවි යෝ පිහිටාධාරෙන් කරුණා ලැබී ලා..

ගම සාරයි හාමත දුරු වෙයි

ගොවි සිත ප්‍රීතී හෝ යි යා..
ඕ...ොවි සිත ප්‍රීතී හෝ යි යා..//

රන්වන් දුල් කරලින්

පැසිලා නැමිලා බර වීලා ..
තල වැවිලා රමණී සෝබා
කෙත්වතු පිරිලා සාරා..
ඕ...කෙත්වතු පිරිලා සාරා..//

රන්වන් දුල් කරලින්
පැසිලා නැමිලා බර වීලා ..

තල වැවිලා රමණී සෝබා
කෙත්වතු පිරිලා සාරා..

ඕ...කෙත්වතු පිරිලා සාරා..//",බට ලී සංගීතේ මත් වූ ගවයෝ රැලේයා..,මත් බව ,ආශාව ,බටලාන සද්දෙට අවනත වෙමින් කුබුරේ හරක් වැඩ කරයි ,,,,
Sanda Re,සඳ රෑ,2010,Bathiya and Santhush,භාතිය සහ සන්තුෂ්,Bathiya and Santhush,භාතිය සහ සන්තුෂ්,"සඳ රෑ මගෙ දෑස මානෙ පායා
දැනුනා ඔය නීල දෑසේ සේයා
මතකේ ඇත ප්රේම හීනේ චායා
සැමදා ඔබෙ තුරුලෙ ඉන්නම ඕනා
උතුරා සඳ රේණු පාවී ආවා
දැනෙනා හැගෙනා විදිනා ඒ හීනෙ සේයා
පායලා බාලයේ ආදරේ ගාවා
තේරුනා ආකහේ පාවෙනා සේමා
ආදරේ වෑහෙනා රුව කැඳවාලා ඈ ලංවෙලා
ආදරේ වෑහෙනා රුව කැඳවාලා ඈ ලංවෙලා
සඳ රෑ මගෙ දෑස මානෙ පායා
දැනුනා ඔය නීල දෑසේ සේයා
මතකේ ඇත ප්රේම හීනේ චායා
සැමදා ඔබෙ තුරුලෙ ඉන්නම ඕනා
උතුරා සඳ රේණු පාවී ආවා
දැනෙනා හැගෙනා විදිනා ඒ හීනෙ සේයා
මා පැතූ aමා සිතූ ආදරේ දීලා
මට සිහිවෙනා රෑ පවා ඈගෙ රූ චායා
ආදරේ වෑහෙනා රුව කැඳවාලා ඈ ලංවෙලා
ආදරේ වෑහෙනා රුව කැඳවාලා ඈ ලංවෙලා
සඳ රෑ මගෙ දෑස මානෙ පායා
දැනුනා ඔය නීල දෑසේ සේයා
මතකේ ඇත ප්රේම හීනේ චායා
සැමදා ඔබෙ තුරුලෙ ඉන්නම ඕනා
උතුරා සඳ රේණු පාවී ආවා
දැනෙනා හැගෙනා විදිනා ඒ හීනෙ සේයා",උතුරා සඳ රේණු පාවී ආවා,සොබාදහම ,සොබාදහම ,සද එලිය හොදින් වැටුනා,,,,
Sara SIhina,,2010,Duminda Alahendra,දුමින්ද අලහෙන්ද්‍ර,Bathiya and Santhush,භාතිය සහ සන්තුෂ්,"සරා සිහින රහසේ දිවුරා කියා
සිතේ කඳුලු පහසේ මැවුනා සිනා
ඔහේ ඇවිද හා… මා…
හද සිතුවිලි විල කලඹා
හැරදා මා ඔබ ගියදා
හුන් තැන තාමත් රැදිලා
සරා සිහින රහසේ දිවුරා කියා
සිත කදුලැල්ලෙහි තවරා
කලුවර රසකර වින්දා
සඳ සෙවනැල්ලක හැoගී
මගේ ඇස් තනිකර තෙමුනා
එසේ කඳුලු ගැලූ ඒ හීනේ
තවමත් ඔබයි ආදරේ
සරා සිහින රහසේ දිවුරා කියා
සිතේ කඳුලු පහසේ මැවුනා සිනා
ඔහේ ඇවිද හා… මා…
හද සිතුවිලි විල කලඹා
හැරදා මා ඔබ ගියදා
හුන් තැන තාමත් රැදිලා
සරා සිහින රහසේ… දිවුරා කියා
තනි අතකින් හඩ දෙදරා
හරි ආදරයක් හින්දා
යලි කවදාවත් නොවෙනා
මහ සාගරයක හැඬුවා
එසේ කඳුලු ගැයූ ඒ හීනේ
තවමත් ඔබයි ආදරේ
සරා සිහින රහසේ… දිවුරා කියා
සිතේ කඳුලු පහසේ… මැවුනා සිනා
ඔහේ ඇවිද හා… මා…
හද සිතුවිලි විල කලඹා
හැරදා මා ඔබ ගියදා
හුන් තැන තාමත් රැදිලා
සරා සිහින රහසේ …දිවුරා කියා…",හද සිතුවිලි විල කලඹා,විල ,ප්‍රමාණය ,එය සිතේ නොයෙක් සිතිවිලි ඇති කරයි,තනි අතකින් හඩ දෙදරා,අත,ප්‍රමාණය ,එක අයෙකු විසින් ආදරය නවත්වා ඇති බව 
Ne no,නෑනෝ,2010,Bathiya and Santhush,භාතිය සහ සන්තුෂ්,Bathiya and Santhush,භාතිය සහ සන්තුෂ්,"නෑනෝ
නෑනෝ
Eh-oh-eh-oh, eh-oh-eh-oh
Eh-oh-eh-oh, eh-oh-eh-oh
කට තිබුණට මූණ පුරා
(නෑනෝ) කියවන්නට එන්න එපා
(නෑනෝ) පද මාලා ගොතපු කෙනා
(නෑනෝ) ගම දාලා යන්න ගියා
අපි දෙන්නගෙ ප්රේම කතා
(නෑනෝ) ලිය වෙන්නට කාලෙ හොඳා
(නෑනෝ) කර මාලා සේල ගොතා
(නෑනෝ) කර කාරෙක යම්ද සුදා?
මම දන්නැති දහසක් දේ (ඇත්තට)
ගම්මු ලියනකොට ලිඳ ඇන්දේ
පතිවෘත්තා රකින්න යන්නේ
කැන්දන් යන්නේ මමමයි ලන්දේ (හනේ)
රස්තියාදුකම් අරන් එනවනම් (නෑනෝ)
වන්නම් 18 මං පෙන්නන්නම්
දස බිම්බර සෙනඟ ගෙනල්ලා
මං නං බය වෙන්නෙ නෑ
මම දන්නැති දහසක් දේ (මොකක්ද?)
ගම්මු ලියනකොට ලිඳ ඇන්දේ
පතිවෘත්තා රකින්න යන්නේ
කැන්දන් යන්නේ මමමයි ලන්දේ
ඒක කොරනකං බලා ඉඳී මං
පෝරිසාදකම් දෙව්ලොව යනකම්
මං බහ දෙන කෙනාව හොයලා
පිට ගම් යනවා මං (Aha, aha)
කට තිබුණට මූණ පුරා
(නෑනෝ) කියවන්නට එන්න එපා
(නෑනෝ) පද මාලා ගොතපු කෙනා
(නෑනෝ) ගම දාලා යන්න ගියා
අපි දෙන්නගෙ ප්රේම කතා
(නෑනෝ) ලිය වෙන්නට කාලෙ හොඳා
(නෑනෝ) කර මාලා සේල ගොතා
(නෑනෝ) කර කාරෙක යම්ද සුදා?
Eh-oh-eh-oh, eh-oh-eh-oh
Eh-oh-eh-oh, eh-oh-eh-oh
දිලිසෙන්නැති හද දිස්නේ
ගැම්මක් නැතුවම ඇයි හිත බැන්දේ?
පිට රස්සා කරන්න යන්නේ
කැන්දන් යන්නේ මමමයි ලන්දේ
ඒක කොරනකම් බලා ඉඳී මන්
පෝරිසාදකම් දෙව්ලොව යනකම්
මං බහ දෙන කෙනාව හොයලා
පිට ගම් යනවා මං
කැන්දන් යන්නේ මමමයි ලන්දේ
ගැම්මක් නැතුවම ඇයි හිත බැන්දේ?
පතිවෘත්තා රකින්න යන්නේ
ආයෙත් නම් මං නෑ ඉවසන්නේ
හීන පේනකං නිදාන ඉන්නේ
දවල් හීනයක සුවඳ තියෙන්නේ
ඇවැස්ස නෑකම් ඇපේට තියලා
පිට ගම් යනවා මං
කට තිබුණට මූණ පුරා
(නෑනෝ) කියවන්නට එන්න එපා
(නෑනෝ) පද මාලා ගොතපු කෙනා
(නෑනෝ) ගම දාලා යන්න ගියා
අපි දෙන්නගෙ ප්රේම කතා
(නෑනෝ) ලිය වෙන්නට කාලෙ හොඳා
(නෑනෝ) කර මාලා සේල ගොතා
(නෑනෝ) කර කාරෙක යම්ද සුදා? (නෑ...)
නෑනෝ
නෑනෝ
නෑනෝ
කට තිබුණට මූණ පුරා
(නෑනෝ) කියවන්නට එන්න එපා
(නෑනෝ) පද මාලා ගොතපු කෙනා
(නෑනෝ) ගම දාලා යන්න ගියා
අපි දෙන්නගෙ ප්රේම කතා
(නෑනෝ) ලිය වෙන්නට කාලෙ හොඳා
(නෑනෝ) කර මාලා සේල ගොතා
(නෑනෝ) කර කාරෙක යම්ද සුදා?
කට තිබුණට මූණ පුරා
(නෑනෝ) කියවන්නට එන්න එපා
(නෑනෝ) පද මාලා ගොතපු කෙනා
(නෑනෝ) ගම දාලා යන්න ගියා
නෑනෝ!","රස්තියාදුකම් අරන් එනවනම් (නෑනෝ)
වන්නම් 18 මං පෙන්නන්නම්
දස බිම්බර සෙනඟ ගෙනල්ලා
මං නං බය වෙන්නෙ නෑ",නැටුම ,හැකියාව ,අනිසි බලපෑම් කරන්න ගියොත් කරන්න පුළුවන් දේ කරනවා කියලා,,,,
Api Nogiya Thenak Ne,අපි නොගිය තැනක් නෑ,2005,Marians,මේරියන්ස්,Nalin Perera - Marians,නලින් පෙරේරා - මේරියන්ස්,"මල් වගේ මගේ වටේ හිටපු ලස්සන කෙල්ලෝ
ආදරේ දීලා මාව නැලෙව්වා ඒගොල්ලෝ
මල් වගේ මගේ වටේ හිටපු ලස්සන කෙල්ලෝ
ආදරේ දීලා මාව නැලෙව්වා ඒගොල්ලෝ
අපි නොගිය තැනක් නෑ
අපි නොකළ දෙයක් නෑ
මම අමතක කළේ නෑ
අමතක වෙන්නෙත් නෑ
අපි නොගිය තැනක් නෑ
අපි නොකළ දෙයක් නෑ
මම අමතක කළේ නෑ
අමතක වෙන්නෙත් නෑ
මගේ මුල්ම ප්රේමවන්තිය එක පංතියේ හිටියේ
මම බෘංග රාජය ප්රේම කෙරුවේ ඈට සිතේ 
ප්රේම හසුන් ලිය ලියා
ප්රේම කතා කිය කියා
හිටපු ඈව හොඳම මිතුරා අරගෙන පැන්නේ
අවුරුදු දහයක් ගෙවිලා
ඈ දැන් කසාද බැඳලා
තාමත් ඉඳහිට මග තොට මට හමු වෙනවා
මගේ පෙම්බර මාලා
හනේ එයාව දැකලා
තව පාරක් ලව් කරන්න ආස හිතෙනවා
අපි නොගිය තැනක් නෑ
අපි නොකළ දෙයක් නෑ
මම අමතක කළේ නෑ
අමතක වෙන්නෙත් නෑ
මගේ දෙවැනි ප්රේමවන්තිය
රෝහලේ හමුවුණේ
අසනීප වෙලා ඉද්දි
මට ඇයයි සැලකුවේ
මගේ ඔළුව අත ගගා
මගෙ කකුල් මිරිකළා
හිටපු ඈව දැකලා මගේ වයිෆ් තදවෙලා
(ආ මතක නෑ...)
(මතක නෑ ඔහේට ඔහේ බැඳලයි කියලා නේ)
(යන යන තැන තමුසෙ එක්ක කෙල්ලොත් සෙට්වෙලා)
එයා මට බැණ වැදුනා
මට මේ ලෙස හිතුනා
නොබැඳ හිටපු කාලෙ තරම් සැප නෑ කියලා
නොබැඳ හිටපු කාලෙ තරම් සැප නෑ කියලා
(සැප, නාකි විසේ)
අපි නොගිය තැනක් නෑ
අපි නොකළ දෙයක් නෑ
මම අමතක කළේ නෑ
අමතක වෙන්නෙත් නෑ
අපි නොගිය තැනක් නෑ
අපි නොකළ දෙයක් නෑ
මම අමතක කළේ නෑ
අමතක වෙන්නෙත් නෑ
නෑ නෑ නොගිය තැනක් නෑ
අපි නොකළ දෙයක් නෑ
මම අමතක කළේ නෑ
අමතක වෙන්නෙත් නෑ",මම බෘංග රාජය ප්රේම කෙරුවේ ඈට සිතේ ,සතුන් ,මිනිසුන් ,ඔහු ඇයට ඕනෑවට වඩා ආදරය කළ බව,,,,
Sandawathiya Obai,සඳවතිය ඔබයි,2010,Roshan Fernando,රොෂාන් ප්‍රනාන්දු,Roshan Fernando,රොෂාන් ප්‍රනාන්දු,"සඳවතිය ඔබයි....
මුදු සුවය ඔබයි....
මගෙ ජීවිතේ.....
මගෙ ජීවිතේ....
අපි අපේ වෙමු සදා...
හිරු කුමරු ඔබයි...
මට දිරිය ඔබයි...
මගෙ ජීවිතේ...
මගෙ ජීවිතේ...
අපි අපේ වෙමු සදා...
මේ භවයේ.....ඔබ මා සොයලා..

ලංවූවා.....සෙනෙහේ පුදලා..
කතරක වැහිදිය පොදක්වගේ
හමුවූවා......ඔබ හමුවූවා..
සඳවතිය ඔබයි....
මට දිරිය ඔබයි...
මගෙ ජීවිතේ...
මගෙ ජීවිතේ...
අපි අපේ වෙමු සදා...

ඔබහා මා.......සතුටින් හිදිමූ...

දිවි ගමනේ....අපි එකට යමූ...
සමුගන්නාදා ලෝකයෙන්
එකට යමූ.....අපි එකට යමූ.....
සඳවතිය ඔබයි....
මුදු සුවය ඔබයි....
මගෙ ජීවිතේ.....
මගෙ ජීවිතේ....
අපි අපේ වෙමු සදා...
හිරු කුමරු ඔබයි...
මට දිරිය ඔබයි...
මගෙ ජීවිතේ...
මගෙ ජීවිතේ...
අපි අපේ වෙමු සදා...
අපි අපේ වෙමු සදා...

අපි අපේ වෙමු සදා...","ලංවූවා සෙනෙහේ පුදලා
කතරක වැහිදිය පොදක්වගේ",සොබාදහම ,හැගීම් ,ආදරයක් නැති තැනට ආදරයක් ලැබුන බව අදහස් කරයි ,,,,
Penena Nopenena,පෙනෙන නොපෙනෙන,2010,Rachitha Vakista,රචිත වාකිෂ්ඨ,Athma Liyanage,ආත්මා ලියනගේ,"පෙනෙන නොපෙනෙන දුරක ඉඳන්
නුඹ ඇවිත් හිත ලඟට හොරෙන්
ආවාට නොකියාම ජීවිතෙන්
නවතින්න හිතුවාද ආයෙමත් ආදරෙන්
දකින හිමිවන හීනේ, නුඹ කොතැන හිටියා
මතක සැමරුම් අතරේ, ජීවිතය තිබුනා
හඩන නිනැහෙන නෙත් නුඹේ, උරහිසේ තිබුනා
ඇත්තමයි නුඹ අහසක්, වගේමයි හිතුනා
නුහුරු නුපුරුදු හීන අරන්
ලඟට ඇවිදින් තුරුලු වෙමින්
ආවාට නොකියාම ජීවිතෙන්
නවතින්න හිතුවාද ආයෙමත් ආදරෙන්
මිරිඟුවක හිත තියලා, නුඹ දුරක ඇදුනා
රංචු ගැහෙනා රෑනේ, තනිකමක් දැනුනා
ඇසිල්ලක දුටු හීනෙන්, හිත හුඟක් රිදුනා
අරුත නොදකින සෙනෙහේ, ඔය නමත් රැඳුනා
පෙනෙන නොපෙනෙන දුරක ඉඳන්
නුඹ ඇවිත් හිත ලඟට හොරෙන්
ආවාට නොකියාම ජීවිතෙන්
නවතින්න හිතුවාද ආයෙමත් ආදරෙන්
ආවාට නොකියාම ජීවිතෙන්
නවතින්න හිතුවාද ආයෙමත් ආදරෙන්
ආයෙමත් ආදරෙන්
","හඩන නිනැහෙන නෙත් නුඹේ, උරහිසේ තිබුනා
ඇත්තමයි නුඹ අහසක්, වගේමයි හිතුනා",සොබාදහම ,ආදරය ,නුබ ආදරණිය නිදහස් කෙනෙක් බව හගවයි,,,,
dawasak pala nathi hene,දවසක් පැල් නැති හේනේ,1999,Ranbanda Seneviratne,රන්බණ්ඩා  සෙනවිරත්න,gunadasa kapuge,,"දවසක් පැල නැති හේනේ
අකාල මහ වැහි වැස්සා
තුරුලේ හංගාගෙන මා
ඔබ තෙමුනා අම්මේ
පායන තුරු හිටි පියවර
හිටියා ඔබ අම්මේ
නුවර වීදි යට කරගෙන
නින්දා වැහි වැගිරුණ දා
බිරිඳකගේ සෙනෙහෙ ගියා
යෝධ ඇලේ නැම්මේ
ඔබෙ සෙනෙහස සුවඳ දිදී
දැනුණා මට අම්මේ
කොළඹ අහස කළු කරගෙන
මූදු හුළඟ අඹලන කොට
ඔටුන්න බිම දා දුවගෙන
එන්නද එක පිම්මේ
මං එන තුරු ඉදිකඩ ලඟ
ඉන්නවාද අම්මේ","ඔටුන්න බිම දා දුවගෙන
එන්නද එක පිම්මේ",ඔටුන්න,"තනතුරු, නම්බු නාම, නිල බලතල",තනතුරු බල තල අත්හැර මව ගාවට එන බව,නුවර වීදි යට කරගෙන නින්දා වැහි වැගිරුණ දා,නින්දා වැසි,අතිවිශාල නින්ද අපහාස,අතිවිශාල වශයෙන් නින්ද අපහාස ගැරහුම් ලැබුනු කාලයක් පිලිබදව
mini mini poda,මිනි මිනි පොද,1999,Rathna Sri Vijesinghe,‍රත්න ශ්‍රී විජෙසිංහ,edward jayakody,එඩ්වඩ් ජයකොඩි,"මිණි මිණි පොද වැටේවි
මල් මිණි දැදිරි වේවි ඔබ එනවා... නම්
දේදුනු පාලම උඩ හැන්දෑ..වේ
මම ඉන්නම්..

මිණි මිණි පොද වැටේවි
මල් මිණි දැදිරි වේවි ඔබ එනවා... නම්
දේදුනු පාලම උඩ හැන්දෑ..වේ
මම ඉන්නම්..

ලා.. සඳ පළුව ඇවිත් නිල් දිය මුදුනින්

රන් තරු මාල බැදන් රන් වන් අහසින්
අද හොදම දවස. අද හොදම දවස
ඔබ එනවා...නම්..

මිණි මිණි පොද වැටේවි

මල් මිණි දැදිරි වේවි ඔබ එනවා...නම්
දේදුනු පාලම උඩ හැන්දෑ..වේ
මම ඉන්නම්....
බිම් කලුවර ඇවිදින් පිරෙන්නට කලින්

සුදු මීදුමේ සුසුම් නැගෙන්නට කලින්
අද හොදම දවස. අද හොදම දවස
ඔබ එනවා...නම්..

මිණි මිණි පොද වැටේවි

මල් මිණි දැදිරි වේවි ඔබ එනවා..නම්
දේදුනු පාලම උඩ හැන්දෑ..වේ
මම ඉන්නම්..","දේදුනු පාලම උඩ හැන්දෑ..වේ මම ඉන්නම්..
",දේදුනු පාලම,යම් විශේෂිත වූ ස්ථානයක්,සවස් වරුවෙ ඔබ සහ මා පමණක් දන්න විශේෂිත වූ ස්ථානයේ ඔබ එන තුරු බලාගෙන ඉන්න බව අගවයි,ලා.. සඳ පළුව ඇවිත් නිල් දිය මුදුනින්,නිල් දිය මුදුනින්,රාත්‍රී අහස,රාත්‍රී අහසේ සද පායා ඇති බව
me tharam siyumalida kalu gal,මේ තරම් සියුමලිද කලු ගල්,1999,Rajee Welgama,රජී වෙල්ගම,sunil edirisinghe,සුනිල් එදිරිසිංහ,"මේ තරම් සියුමැලිද කළු ගල්
හිතන්නටවත් බැරි නිසා
මම ගියා අවුකන බුදුන්ටත්
දෑස් දුන් මිනිසා සොයා

කලා වැව ලඟ ඉලුක් හෙවනක
මැටි පිලක පැදුරක් එලා
රිදුම් පිරිමදිමින් බලයි ඔහු
මැරෙන ඉපදෙන රළ දිහා

ඉසුරුමුණියේ නුඹ තැනූ
පෙම්බරිය කොතැනද කියා
මා ඇසූ විට හිනැහුණා ඔහු
තවම තනිකඩයැයි කියා

මේ තරම් සියුමැලිද කළු ගල්
හිතන්නටවත් බැරි නිසා
මම ගියා අවුකන බුදුන්ටත්
දෑස් දුන් මිනිසා සොයා",මම ගියා අවුකන බුදුන්ටත් දෑස් දුන් මිනිසා සොයා,අවුකන බුදුන්ටත්,අවුකන බුද්ධ ප්‍රතිමා වහන්සේ,අවුකන බුද්ධ ප්‍රතිමා වහන්සේ නිර්මාණය කල කලාකරුවා සොයා ගිය බව,බලයි ඔහු මැරෙන ඉපදෙන රළ දිහා,මැරෙන ඉපදෙන රළ,ඇතිවී නැති වී යන වැවේ ජල රල,ඔහු ඇතිවී නැති වී යන වැවේ ජල රල දිහා බලා සිටී
sinhayo,සිංහයෝ,2012,Dilan DaDevil,ඩිලාන් ඩඩෙවිල්,indrachapa liyanage,ඉන්ද්‍රචාපා ලියනගේ,"ජය ටැඹ කරා අභිමන් හොවා විරුවන් ලෙසින් ඇදෙනා
රූප තෙද විදා සුරැකුම් දරා සිංහයන් නමින් දිව්රා
රන් රුවන් බැඳී අසිපතක් ගෙන මුළු ලෝකයක් පරදා
සියවරක් නොව දසවරක් තව මේ දේශයම දිනවා

සිංහයෝ සිංහයෝ
සිංහයෝ සිංහයෝ
සිංහයෝ සිංහයෝ
සිංහයෝ සිංහයෝ

නිලඹර පුරා ඇඳි රූ රටා මැව් ජය ගී අද නුඹේ
වංකගිරියෙන් හමන සුළඟේ රැඳුනු ගී අද නුඹේ
අසනී වැසි හඬගා හඬද්දී පෑයූ රන් හිරු සේ
නුඹේ නමින් මේ යදින්නේ ජය පත දේශයේ

දේශයේ ජය කොඩි දරා මේ සක් සියක් දෙනා
ඔද වැඩුවද සන්තොසින් සෙනවියන් නුඹ රකින
සිංහයන් නම් පෙළහරින් නෙක හරඹයන් මවලා
සකි සඳේ පවසම් මෙසේ දිනවමි අපේ ලංකා…",රූප තෙද විදා සුරැකුම් දරා සිංහයන් නමින් දිව්රා,සිංහයන්,ඉතා නිර්භීත අභියෝග වලට මුහුණ දෙන පිරිසක් අගවයි,දස්කම් පෙන්වමින් සිංහයන් මෙන් අභියෝග වලට මුහුණ දෙන පිරිසක් බවට පොරොන්දු වීම,,,,
dethol magema nam,දෙතොල් මගෙම නම්,2007,daddy,ඩැඩී,daddy,ඩැඩී,"දෙතොල් මගේම නම්
රැයින් රැයට ඉර පායනකන්
රස කර කර සිප ගන්නම්

දෙනෙත් මගේමනම්
අඳුරින් දෙනෙත් මගෙ නැහැවෙනකන්
නිල් ඇස් දෙක දෙසම බලන්නම්
සඳ ගිලී ඉර වැටෙනකන්
තුරුලු වී තොල් පෙති සිඹින්නම්
දිනෙක අඳුරින් නැහැවෙනකන්
නිතර නිල් ඇස් දෙස බලන්නම්
සිත රිදවා හැඬවූ ආදර කතාව
තවදුරටත් එහි ලැගුම් නොගන්නා
කොටසක් කරන්න මොහොතින් මොහොතම
ඇය ළඟ සිටිමින් ඇය දෙස බලමින් සනසන්නම්

ඔව් ඔබ මගේම නම්
මගෙන් ඇගෙ සිත පෑරේ නම්
කඳුළු බිඳු ඇගෙ නෙත් තෙමයි නම්
ඇගේ සිත වෙන කෙනෙකුගේ නම්
ගැයූ පද අමතක කරන්නම්",සඳ ගිලී ඉර වැටෙනකන්,සඳ ගිලී ඉර,රාත්‍රිය අවසන් වී උදෑසන උදා වීම,රාත්‍රිය අවසන් වී උදෑසන උදා වන තුරු,,,,
Katado kiyanne,කාටදෝ කියන්නෙ,2007,daddy,ඩැඩී,daddy,ඩැඩී,"කාටදෝ කියන්නේ
මං දැන්, ආදරේ කියන්නේ
කවුරුදෝ සිටින්නේ
මං ළඟින්, කවුරුදෝ සිටින්නේ
මං එදා ලං වෙලා, ආදරේ කලා
ඒ නිසා මං මුළා වෙලා, හොඳින් මට්ටු උනා
ඒත් නෑ මෙමා මෝඩයෙක් වෙලා එක් මොඩියෙක් නිසා
මං නිසා කවුරුන් හෝ ඇති ලොව තවම මග බලන්
කාටදෝ ගයන්නේ
කාටදෝ, රස ගීත මා ගයන්නේ
කාවදෝ සිඹින්නේ
කාවදෝ, තුරුල් කරන් සිඹින්නේ
කුමක් දෝ කරන්නේ
ඒ මතකෙන් මිදෙන්නට මා කරන්නේ
මං එදා ලං වෙලා, ආදරේ කලා
ඒ නිසා මං මුළා වෙලා, හොඳින් මට්ටු උනා
ඒත් නෑ මෙමා මෝඩයෙක් වෙලා එක් මොඩියෙක් නිසා
මං නිසා කවුරුන් හෝ ඇති ලොව තවම මග බලන්
මං එදා ලං වෙලා, ආදරේ කලා
ඒ නිසා මං මුළා වෙලා, හොඳින් මට්ටු උනා
ඒත් නෑ මෙමා මෝඩයෙක් වෙලා එක් මොඩියෙක් නිසා
මං නිසා කවුරුන් හෝ ඇති ලොව තවම මග බලන්",ඒ මතකෙන් මිදෙන්නට මා කරන්නේ,මතකෙන් මිදෙන්න,අමතක කිරීම,යම් සිදුවීම් පෙලක් අමතක කරලීමට අනුගමනය කලහැකි ක්‍රමයක් සොයන බව අගවයි,,,,
dewenida mage adare,දෙවනිද මගේ ආදරේ,2010,daddy,ඩැඩී,daddy,ඩැඩී,"දෙවෙනිද මගේ ආදරේ ඔබට
නැතුවද දැන් ඔබෙ පෙම මෙමට,
වෙනසක් මට දැනෙනවා
ඔබ මා මඟ හරිනවා
එකෙකුට නැති ආදරේ මොකට...
ඔබ වෙනුවෙන් මා සිටියා මෙතුවක්
මා වෙනුවෙන් ඔබ ඇතිදෝ සැකයක්...
දෙවෙනිද මගේ ආදරේ ඔබට
නැතුවද දැන් ඔබෙ පෙම මෙමට,
වෙනසක් මට දැනෙනවා
ඔබ මා මඟ හරිනවා
එකෙකුට නැති ආදරේ මොකට...
නොකරමි මම ඔබේ නමට අවමන්
සුභ වේ ඔබෙ දිවි කරනෙමි නික්මන්...
දෙවෙනිද මගේ ආදරේ ඔබට
නැතුවද දැන් ඔබෙ පෙම මෙමට,
වෙනසක් මට දැනෙනවා
ඔබ මා මඟ හරිනවා
එකෙකුට නැති ආදරේ මොකට...",දෙවෙනිද මගේ ආදරේ ඔබට,දෙවෙනිද,වැදගත් නැති බව,මාගේ ආදරේ පෙර තරම් වැදගත් නැති බව අගවයි,,,,
yanna yanna, යන්න යන්න,2010,daddy,ඩැඩී,daddy,ඩැඩී,"යන්න යන්න යන්න
කෙළි බිම ඔබෙයි
ගන්න ගන්න ගන්න
එහි ජය ඔබෙයි
මේ ඔබේ වාරයයි
පන්දුවෙන් ලොවම දිනනා
පිති හරඹයෙන් පිටිය සරසනා
සූරයෙක් වෙන්නයි

එකට බැඳෙමින්
එකා වගේ එකා වගේ
එකා වගේ
එකම අරමුණක්
සිතේ නැගේ සිතේ නැගේ
සිතේ නැගේ

පිත්ත පන්දුවත් අත දරා
ජය පරාජයත් ඉවසනා
ඔබ පළඳවයි කිරුළු
ලක් මව් දිනවලා

යන්න යන්න යන්න
කෙළි බිම ඔබෙයි
ගන්න ගන්න ගන්න
එහි ජය ඔබෙයි
මේ ඔබේ වාරයයි
පන්දුවෙන් ලොවම දිනනා
පිති හරඹයෙන් පිටිය සරසනා
සූරයෙක් වෙන්නයි

දෙපිල බෙදුණත්
වෙනස් නොවේ වෙනස් නොවේ
වෙනස් නොවේ
එකම මවකගේ
දරුවො ලෙසේ දරුවො ලෙසේ
දරුවො ලෙසේ

විනයගරුක බව සුරකිනා
අභියෝගය අත් නොහරිනා
ඔබ පළඳවයි කිරුළු
ලක් මව් දිනවලා
දිනවලා

යන්න යන්න යන්න
කෙළි බිම ඔබෙයි
ගන්න ගන්න ගන්න
එහි ජය ඔබෙයි
මේ ඔබේ වාරයයි
පන්දුවෙන් ලොවම දිනනා
පිති හරඹයෙන් පිටිය සරසනා
සූරයෙක් වෙන්නයි

සූරයෙක් වෙන්නයි
සූරයෙක් වෙන්නයි",කෙළි බිම ඔබෙයි,කෙළි බිම,ක්‍රිකට් ක්‍රීඩාංගනය,ක්‍රිකට් ක්‍රීඩාංගනයේ සියලු ප්‍රේක්ෂකයන්ගේ සහය ඇති බව කියවෙයි,පිති හරඹයෙන් පිටිය සරසනා, පිටිය සරසනා,දස්කම් පෙන්වීම,ක්‍රීඩා පිටිය තුල පිති හරබයෙන් දස්කම් පෙන්වන බව කියවෙයි
thawath kenek,තවත් කෙනෙක්,2010,daddy,ඩැඩී,daddy,ඩැඩී,"තවත් කෙනෙක්
තවත් කෙනෙක්
තවත් කෙනෙක් ඇගේ ලොවට ඇවිත්
තවත් කෙනෙක් ඇගේ ලොවට ඇවිත්

අපි අල්ලාගෙන
සිටිය විලසින්ම
අද ඇය අල්ලාගෙන
සිටිනවා දුටුවම

කඳුළු නොවැටුණට
දුකත් හිතෙයි අපිට
ඒ විතරක්මද
හිනත් යනවා තවම

සිහිවෙනකොට අදවන් දවසක
අපි මේ ගයනා ගීතයම
උඹත් ගයයි හෙට
දුටුවම ඇය වෙනෙකෙකු සමග

තවත් කෙනෙක්…

වෙන කොල්ලන් ගැන
අපිට කිව්ව ලෙසම
අපි ගැන අද උඹට
අනිවා කියලා ඇත

ඔරවාගෙන අපිට
අද උඹ හිටියාට
අපිටත් අද වගේම
ඔරවයි හෙට උඹට

සිහිවෙනකොට අදවන් දවසක
අපි මේ ගයනා ගීතයම
උඹත් ගයයි හෙට
දුටුවම ඇය වෙනෙකෙකු සමග

තවත් කෙනෙක්..
තවත් කෙනෙක්…

","අපි ගැන අද උඹට
අනිවා කියලා ඇත",අනිවා,තහවුරු කිරීම,ඔවුන් ගැන ඇයට කියා ඇති බව තහවුරු කර කියයි,,,,
nil dase,නිල් දෑසේ ,2007,daddy,ඩැඩී,daddy,ඩැඩී,"නිල් දෑසේ කැන් සලා
යෞවනේ මත් කලා
රන් දොතොල් රඟ දෙනා
හද සයුර කැළඹුනා
සඳ වගෙයි නැග එනා කුමරියන්
හිනැහෙනා ම් …. හිනැහෙනා

විකසිතයි සිනහවයි
සුර අගුන් පරාදයි
ඔබ තරම් රුව අරන්
කොයිආද මේ ළදුන්
තරු දහස් අතරේ
බැබලෙන සඳ ඔබ වේ
රන් කිරුළ අතරේ
රූ රැජින අද ඔයා ඕ …. අද ඔයා

නිල් දෑසේ කැන් සලා
යෞවනේ මත් කලා
රන් දොතොල් රඟ දෙනා
හද සයුර කැළඹුනා
සඳ වගෙයි නැග එනා කුමරියන්
හිනැහෙනා ම් …. හිනැහෙනා

විකසිතයි සිනහවයි
සුර අගුන් පරාදයි
ඔබ තරම් රුව අරන්
කොයිආද මේ ළදුන්
තරු දහස් අතරේ
බැබලෙන සඳ ඔබ වේ
රන් කිරුළ අතරේ
රූ රැජින අද ඔයා ඕ …. අද ඔයා","රන් කිරුළ අතරේ
රූ රැජින අද ඔයා ඕ …. අද ඔයා",රූ රැජින,ඉතා ලස්සන බව,බොහො ලස්සන කාන්තාවන් අතරින් ඔබ වඩාත් ලස්සන යයි අගවයි,හද සයුර කැළඹුනා,හද සයුර,තම සිත,තම සිත කලබලයට පත් උනු බව අගවයි
neth perum pura,නෙත් පෙරුම් පුරා,2007,daddy,ඩැඩී,daddy,ඩැඩී,"නෙත පෙරුම් පුරා එදා
ඔබ දකින්න සැරසුනා
හදේ කොනක නොරැදුනත් ඔයා
නොදැක ඉන්න බැරි උනා

නෙත පෙරුම් පුරා එදා
ඔබ දකින්න සැරසුනා
හදේ කොනක නොරැදුනත් ඔයා
නොදැක ඉන්න බැරි උනා

සිත පතන්නේ ඒ ඔබයි
මට පෙනෙන්නේ ඒ රුවයි
මට ඇසෙන්නේ ඒ හඩයි
හදවතින්ම ඔබ මගෙයි

නෙත පෙරුම් පුරා එදා
ඔබ දකින්න සැරසුනා
හදේ කොනක නොරැදුනත් ඔයා
නොදැක ඉන්න බැරි උනා

මම හඬන්නේ ඔබ නිසයි
ඔබ කොහෙද මා සොයයි
හමුනොවේවිදැයි බයයි
ඔබ මගේමදැයි සිතෙයි

නෙත පෙරුම් පුරා එදා
ඔබ දකින්න සැරසුනා
හදේ කොනක නොරැදුනත් ඔයා
නොදැක ඉන්න බැරි උනා","හදේ කොනක නොරැදුනත් ඔයා
නොදැක ඉන්න බැරි උනා",හදේ කොනක නොරැදුනත් ,ඇය ගැන සිතන්නෙ නැතත්,ඇය ගැන බොහෝ සේ සිතන්නෙ නැතත් නොදැක ඉන්න අපහසු බව කියයි,නෙත පෙරුම් පුරා එදා ඔබ දකින්න සැරසුනා,පෙරුම් පුරා,බලාගෙන සිටියා,ඇසෙ දෙක ඔබ දකින තෙක් මග බලාගෙන හිටියා
maa haa,මා හා,2010,daddy,ඩැඩී,daddy,ඩැඩී,"මා හා හිනැහෙන්නෙපා
දෑස් අගින් මුමුණන්නට එපා
ම්….
ළඟින් මගේ ඔබ ඉන්නෙපා
වදන්වලින් සනසන්නට එපා
ආදරේ දැණෙනවා
ආදරේ දැණෙනවා
ආදරේ දැණෙනවා

කිසිම කෙනෙකු නෑ කිසි දවසක්
දුන්නේ මා දුන් ආදරයක්
ඔබ හා ගෙවෙනා හැම මොහොතක්
ආදරේ දුන් වේදනා මතකයට ගේනවා
ම්…. ල ලා ලා…

මා හා හිනැහෙන්නෙපා
දෑස් අගින් මුමුණන්නට එපා
ම්….
ළඟින් මගේ ඔබ ඉන්නෙපා
වදන්වලින් සනසන්නට එපා
ආදරේ දැණෙනවා
ආදරේ දැණෙනවා
ආදරේ දැණෙනවා

ආශා ගංගාවක බිඳුවක් මා
සිනහව අයුරින් ඔබ හට දුන්නට
නොසිතන් මිතුරියෙ දියට බහින්නට
ආශා ගඟුලේ කිමිද ගිලෙන්නට
සිතනා පතනා හැම මොහොතක්
ආදරේ දුන් වේදනා මතකයට ගේනවා
ම්…. ල ලා ලා…

ඉතින්…

මා හා හිනැහෙන්නෙපා
දෑස් අගින් මුමුණන්නට එපා
ම්….
ළඟින් මගේ ඔබ ඉන්නෙපා
වදන්වලින් සනසන්නට එපා
ආදරේ දැණෙනවා
ආදරේ දැණෙනවා
ආදරේ දැණෙනවා","නොසිතන් මිතුරියෙ දියට බහින්නට
ආශා ගඟුලේ කිමිද ගිලෙන්නට",ආශා ගඟුලේ,කාම ආශාවක් සපුරා ගැනීමක් ,කාම ආශාවක් සපුරා ගැනීමට උත්සාහ නොකරන ලෙස තම මිතුරියට අනතුරු අගවයි,දෑස් අගින් මුමුණන්නට එපා,දෑස් අගින් මුමුණන්නට,ඇස් වලින් ඉගියක් ලබා දීම,ඇස් වලින් ඉගි ලබා නොදෙන ලෙස ඉල්ලයි
ai kaley,ඇයි කලේ,2007,daddy,ඩැඩී,daddy,ඩැඩී,"කතා කලත් අපි රෑ වෙනකන් කිසි වැඩක් නෑ,
අතහැරියත් ඔබ මගේ අතින් මට දැනුනේ නෑ,
විලවුන් තවරා ඔබ ලංවූවත් මට සුවඳ නෑ,
මිතුරියන් අතරේ මා ගැන කීවට මම තරහ නෑ.

ඇයි කලේ මුළු හදින්ම ඔබ මට ආදරේ, නැතිදෝ ඔබ මා ගැන දන්නේ.
මං නෑ කලේ කිසි දිනකදි, ඔබ හට ආදරේ නැතිදෝ ඔබ හට එය වැටහුනේ.
ඇයි කලේ මුළු හදින්ම ඔබ මට ආදරේ, නැතිදෝ ඔබ මා ගැන දන්නේ .
මං නෑ කලේ කිසි දිනකදි ඔබ හට ආදරේ නැතිදෝ ඔබ හට එය වැටහුනේ .

ඔය ඇස් රතු වෙන තුරු ඔබ හැඬුවට මට දුකක් නෑ,
මට රවමින් ඔබ බැනපු වදන් මට ඇහුනෙ නෑ,
මගෙ මිතුරන් හා ඔබ හාද වුනත් මට කමක් නෑ,
ඒ මොනව වුනත් ඔබ දුන් හැම දේ යලි දෙන්නේ නෑ.

ඇයි කලේ මුළු හදින්ම ඔබ මට ආදරේ, නැතිදෝ ඔබ මා ගැන දන්නේ.
මං නෑ කලේ කිසි දිනකදි, ඔබ හට ආදරේ නැතිදෝ ඔබ හට එය වැටහුනේ.

ඇයි කලේ මුළු හදින්ම ඔබ මට ආදරේ, නැතිදෝ ඔබ මා ගැන දන්නේ
මං නෑ කලේ කිසි දිනකදි ඔබ හට ආදරේ නැතිදෝ ඔබ හට එය වැටහුනේ

නැතිදෝ වැටහුනේ, නැතිදෝ ඔබ හට එය වැටහුනේ…",ඇයි කලේ මුළු හදින්ම ඔබ මට ආදරේ, මුළු හදින්ම,ඉතා අව්ංකවම,ඇයි මට අවංකවම ආදරේ කලේ යැයි අසයි,,,,
arabiya,අරාබිය,2010,daddy,ඩැඩී,daddy,ඩැඩී,"මගේ නම ගයාන්
අපේ ගෙවල් පැත්ත අරාබිය වගේ උනාට
මේ ලඟදි දවසක
රුවැති යුවතියක් පැමිණියා…
ඇත්තම කියනව නම්
ඇගේ ඇස් ඒ හිනාව ඒ කතාව
මගේ හදේ තදින්ම දැවටිලා
ඉතින් උදේ නැගිට්ට වෙලාවේ ඉඳන්
මම මොන වැඩේ කරන්න හැදුවත්
මගේ මතකයට එන ඇය
මගේ හිතට දැන් නම් වදයක් වෙලා

ඉතින් නුඹ.. ඉතින් නුඹ.. ඉතින් නුඹ..
ඇයට කැමති නම්
සිතින් නුඹ දුරින් හිඳ පලක් නැත පෙම් කරලා
මගෙ දිවියේ මෙතෙක් නොදුටූ
අමුතු සොඳුරු රුවක් එක්ක මා සිත දැවටිලා
ඇයට නොකියා ල ල ල ල ලයෙහි සඟවා
තවත් ඉන්න බෑ ඇය දෙස බලන්

මම ශමිල මං මෙයාගෙ හොඳ ‍ෆිට් එකක්
මම හැම තිස්සෙම කියන්නෙ උඹ ඔහොම හිටියොත්
වෙන ග්‍රහයෙක් ඇවිත්
ඇගේ සිත අරන් යනවාමයි
අනිත් එක උඹට ඔය ඇසුයි කනුයි නහය වලුයි
හිතේ දැව‍ටුනා කිව්වට
මට නම් කිසීම දෙයක් දැව‍ටුන්නෑ
උඹට කෙල්ලෙක් ඕනෑම නම් හොයල දෙන්නම්කො
අන්තිමේදි කොහොම කොහොම හරි ඔය කෙල්ල
උඹට කෙසේ වෙතත් අපිට නම්
මාර වදයක් වෙන බව මට ශුවර්
උඹලගේ තාත්ත කියනව වගේ
පොතක් පතක් අරන් දැන්වත් හැදියන්

ඉතින් මට මගේ සිත වෙනස් කරගන්නට බැරි නම්
සිතින් මම දුරින් හිඳ පලක් නැත පෙම් කරලා
මගෙ දිවියේ මෙතෙක් නොදුටූ අමුතු සොඳුරු
රුවක් එක්ක මා සිත දැවටිලා
ඇයට නොකියා ල ල ල ල ලයෙහි සඟවා
ත ත ත ත තවත් ඉන්න බෑ ඇය දෙස බලන්

","උඹ ඔහොම හිටියොත්
වෙන ග්‍රහයෙක් ඇවිත්
ඇගේ සිත අරන් යනවාමයි",වෙන ග්‍රහයෙක්,වෙනත් පුදගලයෙක්,උබ එතරම් අවදානයක් ඇය කෙරෙහි දැක්වූයේ නැත්තම් වෙන කෙනෙක් ඇවිත් ඇයගේ සිත දිනාගනීවි යැයි අනතුරු අගවයි,"ඇගේ ඇස් ඒ හිනාව ඒ කතාව
මගේ හදේ තදින්ම දැවටිලා",තදින්ම දැවටිලා,හොදින් මතක ඇති බව,"ඔබගෙ ඇස් , සිනහව සහ කතාව හොදින් මතක ඇති බව අගවයි"
massina,මස්සිනා,2007,daddy,ඩැඩී,daddy,ඩැඩී,"ඉරිදාට පල්ලියේදි සඳුදාට පන්තියේදි
අඟහරුවාදාත් ඔබව යළි හමුවෙමි
බදා බ්‍රහස්පතින්දා සිපගන්නම් සිකුරාදාට
ශනිදාවක් නෑ අපට මගේ මස්සිනා ඉන්නකම්

අපි කාටත් ඇති සෙනසුරාදාව
මගේ සතියේ දිනයක් නොවන බවට
මම ආදරේ කරන්න පටන් ගත්ත දින සිට මට වැටහුණා
සති අන්තයේ සිට මට නිවාඩුවට
මගේ මස්සිනා ආවම සිරකර නංගීව
අසාධාරණව සෙනසුරාදාව අපගෙන් වෙන් කළා
ශනිදාවන්ට හමුනොවුණත් අනිකුත් හැම දිනයක්ම‍ෙ

ඉරිදාට පල්ලියේදි සඳුදාට පන්තියේදි
අඟහරුවාදාත් ඔබව යළි හමුවෙමි
බදා බ්‍රහස්පතින්දා සිපගන්නම් සිකුරාදාට
ශනිදාවක් නෑ අපට මගේ මස්සිනා ඉන්නකම්

ඉර පායන්නෑ සෙනසුරාදාට
මම හීනැහෙන් නෑ සෙනසුරාදාට
මම කන්නෙත් නෑ මම බොන්නෙත් නෑ
මට වැඩකුත් නෑ සෙනසුරාදාව
කිසි ගතියක් නෑ සෙනසුරාදාට
මට නින්දක් නෑ සෙනසුරාදාට
මගේ කැලැන්ඩරෙත් සෙනසුරාදාව නෑ මස්සිනා ඉන්නකං
ශනිදාවන්ට හමුනොවුණත් අනිකුත් හැම දිනයක්ම‍ෙ

ඉරිදාට පල්ලියේදි සඳුදාට පන්තියේදි
අඟහරුවාදාත් ඔබව යළි හමුවෙමි
බදා බ්‍රහස්පතින්දා සිපගන්නම් සිකුරාදාට
ශනිදාවක් නෑ අපට මගේ මස්සිනා ඉන්නකම්

ඉරිදාට පල්ලියේදි සඳුදාට පන්තියේදි
අඟහරුවාදාත් ඔබව යළි හමුවෙමි
බදා බ්‍රහස්පතින්දා සිපගන්නම් සිකුරාදාට
ශනිදාවක් නෑ අපට මගේ මස්සිනා ඉන්නකම්",ඉර පායන්නෑ සෙනසුරාදාට,ඉර පායන්නෑ සෙනසුරාදාට,සෙනසුරාදා දිනයට කැමැත්තක් නැත,සෙනසුරාදා දිනයට කැමැත්තක් නැති බව අගවයි,,,,
bolanda nisa,බොලද නිසා,2010,daddy,ඩැඩී,daddy,ඩැඩී,"මා ගැන ඔබවත් හිතුවාදෝ නොවරදවා
නැතිදෝ මට හිමි ඒ ළඳ තවමත් ඉපදීලා
මගෙ හැම මිතුරන් පෙම්වතියන් හා එක්වීලා
කම් නෑ කියන්න ඔබ අකමැති මං බොළඳ නිසා
කම් නෑ කියන්න ඔබ අකමැති මං බොළඳ නිසා

මා හට දැණෙනා ඒ ආදරයේ හැඟුමන්
ඇයි ඔබ හට නොදැණුනෙ හැඟුමක ඒ උණුසුම්
කොහොමද ඔබ සිතුවේ ආදරෙ මට දුරයැයි
මෙමටත් දැණෙනව ආදරෙ තියෙනා සුන්දරකම්

මා ගැන ඔබවත් හිතුවාදෝ නොවරදවා
නැතිදෝ මට හිමි ඒ ළඳ තවමත් ඉපදීලා
මගෙ හැම මිතුරන් පෙම්වතියන් හා එක්වීලා
කම් නෑ කියන්න ඔබ අකමැති මං බොළඳ නිසා
කම් නෑ කියන්න ඔබ අකමැති මං බොළඳ නිසා

මිතුරන් අතරේ මා අද තනිවී සිටියත්
ඔබගේ මතකය මට කරනා ඒ ඔච්චම්
කාටත් නොදැනී හැඟුමක සිරවී තනියෙන්
රහසින් ගලනා කඳුලක ඇති ‍ඒ සුන්දරකම්

මා ගැන ඔබවත් හිතුවාදෝ නොවරදවා
නැතිදෝ මට හිමි ඒ ළඳ තවමත් ඉපදීලා
මගෙ හැම මිතුරන් පෙම්වතියන් හා එක්වීලා
කම් නෑ කියන්න ඔබ අකමැති මං බොළඳ නිසා
කම් නෑ කියන්න ඔබ අකමැති මං බොළඳ නිසා",කොහොමද ඔබ සිතුවේ ආදරෙ මට දුරයැයි,ආදරෙ මට දුරයැයි,මට ආදරේ කිරීමට බාදාවන් ඇත,මට ආදරේ කිරීමට නොයෙක් බාධා අපහසුතාවන් නුසුදුසුකම් ඇති බව ඔබ සිතුවේ කෙසේද යැයි විමසයි,,,,
borukari,බොරුකාරි,2007,daddy,ඩැඩී,daddy,ඩැඩී,"කුමක් කරත් කොහේ ගියත් මොනවා වුණත්
මග බලන් හිටියා මම අදත් පැය දෙකක් තුනක්
දිනක් දෙකක් පමා වුණත් නෑ කවදාවත්
මම පමා වෙලා මේ වගේ එක දවසක්වත්
බඩත්ගිනි නෑ උදේ ඉඳන් මට තේ උගුරක්
බොන්නට අහලක පහළක පොඩි කඩයක්වත්
ඉවසාගෙන හිටියා නම් මම තව දුරටත්
තාමත් හංදියේ අඹ ගහයට මම උඹ එනකන්

මාව මග නොහැරපං පං පං
මගෙ මූණටම කියාපං පං පං
පැත්ත ගියත් උඹ ඇත්තම කියලා
මාව දාලා පලයං යං යං
මගේ දෑස් දිහා බලපං පං පං
තවත් වරක් හිතපං පං පං
මට කියන කරන දේ සුදුසුයි දැයි
උඹ හිතෙන් අහලා බලපං පං පං

මතකයි මට අද වගේම තව එක දවසක්
මීට මාස දෙකයි දින දහයයි එදා වැහි දවසක්
මඩත් වැඩී වැහි පොදත් සැරයි මගේ කුඩෙත් පොඩී
උඹේ මුහුණ වගේ මුළු අහසත් එදා හරි අඳුරුයි
විදුලි කොටයි ඒවත් උඹේ කට වගේ සැරයි
අදත් කළේ උඹ එදා මට කෙරුවා වගේ වැඩක්
හේතුවක් ඇතත් හේතුවක් නැතත් බැහැ කවදාවත්
සමාව දෙන්නට ඔය බොරුකාරිට තව පාරක්

මාව මග නොහැරපං පං පං
මගෙ මූණටම කියාපං පං පං
පැත්ත ගියත් උඹ ඇත්තම කියලා
මාව දාලා පලයං යං යං
මගේ දෑස් දිහා බලපං පං පං
තවත් වරක් හිතපං පං පං
මට කියන කරන දේ සුදුසුයි දැයි
උඹ හිතෙන් අහලා බලපං පං පං

මාව මග නොහැරපං පං පං
මගෙ මූණටම කියාපං පං පං
පැත්ත ගියත් උඹ ඇත්තම කියලා
මාව දාලා පලයං යං යං
මගේ දෑස් දිහා බලපං පං පං
තවත් වරක් හිතපං පං පං
මට කියන කරන දේ සුදුසුයි දැයි
උඹ හිතෙන් අහලා බලපං පං පං","පැත්ත ගියත් උඹ ඇත්තම කියලා
මාව දාලා පලයං යං යං",පැත්ත ගියත්,පලවිපාක තිබුනත්,කෙතරම් පල විපාක තිබුනත් මට ඇත්තම කියල මාව දාල යා යුතු බව කියයි,,,,
Chandrayan pidu,චන්ද්‍රයන් පිදූ,2007,daddy,ඩැඩී,daddy,ඩැඩී,"සිහිනෙන් වූවත් නෑ මා දුටුවේ
මාගේ දිවියේ අන්ධකාරේ
ඔබගෙන් පෙර නෑ මා කිසිදා
හිරු අග බැලුවේ
නෑ මා කිසිදා හිරු අග බැලුවේ
පැතුමන් අඳුරේ සිරවුයේ
ඔබගේ සෙනෙහෙන් ආදරයේ
අර්ථය ලැබුවේ
කඳුලැල් දිය දහරා
නෙතඟින් නොකැඩී ගලා ගියේ
මා තනි වී
සිසිරෙන් මුවා වූ වසන්තේ උදාවූ ලෙසේ
චන්ද්රයන් පිදූ
කිරණක් සඟවාලා හොරෙන්
වර්ණවත් කලේ
මාගේ සිහිනේ ඔබේ නමින්
වැගුරූ ඒ කඳුලැල් බිඳු වියැකී සෙමින්
ඔබ ගෙන ආ සෙනෙහස මුදු පවනේ රැඳි සිසිලක් ලෙසින් (සිසිලක් ලෙසින්)
සිසිලක් ලෙසින්
ඔබ මා හද පුබුදු කලේ
වසන්තයයි මාගේ දෙතොලේ
සිහිවන්නේ ඔබෙ මුව හමුවේ
කැළඹීලා සැමදා ඔබගේ
කැළුමන් අතරේ
අප නෙත් ගැටෙනා මොහොතේ
ඔබ මා සතුවයි රහසේ හැඟේ සිතේ නිසන්සලේ
රඟදෙයි ඔබ දෙසනා වදනන් යහනේ තනිවී
චන්ද්රයන් පිදූ
කිරණක් සඟවාලා හොරෙන්
වර්ණවත් කලේ
මාගේ සිහිනේ ඔබේ නමින්
වැගුරූ ඒ කඳුලැල් බිඳු වියැකී සෙමින්
ඔබ ගෙන ආ සෙනෙහස මුදු පවනේ රැඳි සිසිලක් ලෙසින් (සිසිලක් ලෙසින්)
සිසිලක් ලෙසින්
ඔබ මා හද පුබුදු කලේ
චන්ද්රයන් පිදූ
කිරණක් සඟවාලා හොරෙන්
වර්ණවත් කලේ
මාගේ සිහිනේ ඔබේ නමින්
වැගුරූ ඒ කඳුලැල් බිඳු වියැකී සෙමින්
ඔබ ගෙන ආ සෙනෙහස මුදු පවනේ රැඳි සිසිලක් ලෙසින් (සිසිලක් ලෙසින්)
සිසිලක් ලෙසින්
ඔබ මා හද පුබුදු කලේ",අප නෙත් ගැටෙනා මොහොතේ,නෙත් ගැටෙනා,එකිනෙකා මුනගැසීම,අප එකිනෙකා මුනගැසෙනා අවස්තාවේ,"කඳුලැල් දිය දහරා
නෙතඟින් නොකැඩී ගලා ගියේ",කඳුලැල් දිය දහරා,බොහෝ සේ හැඩීම,බොහෝ සේ හඩා ඇති බව අගවයි
tiken tika,ටිකෙන් ටික,2011,daddy,ඩැඩී,daddy,ඩැඩී,"ටිකෙන් ටික ටිකෙන් ටික
අපි ආවද මේ තරම් දුර
කටින් කට කටින් කට
ලෝකය දැනගෙන අපේ ගැන
විටින් විට විටින් විට
සමහරු අපි ගැන ගෙතූ පද
එකක් හැර එකක් හැර
ජය ගත්තා අද අපේ ලෝව

අම්මලාට දුන්නාදෝ කදුළු කෝටියක්
තාත්තලා හැංගුවාද මදුවිතේ දුකක්
කොනක ඉදන් බලං ඉන්නේ යාළුවෝ කැලක්
යන්නට පෙර මදුසමයට දෙන්න ලොකු දුකක්

පොත් මිටියක් මල් කලබක්
ඌවා අද ඔබේ දෑතේ
රන් මුදුවක් දිදුලයි ඔබෙ
සුරතේ සතුටු සිනා මැද්දේ

මං තවමත් කල්පනාවේ සිරවී ඇත්තේ

සිතා ගන්න බෑ

ටිකෙන් ටික බිදෙන් බිඳ
අපි ආවද මේ තරම්
දුර……….
මේ තරම් දුර
කටින් කට කටින් කට
ලෝකය දැනගෙන අපේ ගැන

විටින් විට විටින් විට
සමහරු අපි ගැන ගෙතූ පද
එකක් හැර එකක් හැර
ජය ගත්තා අද අපේ ලෝව",තාත්තලා හැංගුවාද මදුවිතේ දුකක්,හැංගුවාද මදුවිතේ දුකක්,දුක නැති කරගැනීම මත්වතුර භාවිතා කිරීම,තත්තලා දුක නැති කරගැනීම මත්වතුර භාවිතා කිරීමට පෙලබේදැයි අසයි,අම්මලාට දුන්නාදෝ කදුළු කෝටියක්,කදුළු කෝටියක්,විශාල වශයෙන් දුක් කරදර,අම්මලාට විශාල වශයෙන් දුක් කරදර දුන්නාදැයි අසයි
raaka,රෑක,2010,daddy,ඩැඩී,daddy,ඩැඩී,"රෑක එක රෑක ඔබ ඈත
පාට නිල් පාට ඒ අහස

සඳට තරු සේම මටද
සඳට තරු සේම මටද
ඒත් මම නම් තනිව අද රෑට
ඔබ නැතිව....

සුවඳ මල් සුවඳ මන් ආස
නැතුව සිත තැවෙන ඒ සුවඳ

ලොවක දෙව් ලොවක මිහිර
දහර දිය දහර ගලයි ද
අදුරු මගේ යහනේ සුව සදනා
ඔබ නැතිව....අද රෑට
ඔබ ඈත

මද සුවද ගෙන හමන ඔබේ සුවද
දැනිලා දැනිලා....
ඔබ නැතුවාට සරාගි හැඟුම් පිරිලා පිරිලා
හැඟුමන් පනස් අටක  මා වෙලිලා
ඔබ නැතිව....අද රෑට","ලොවක දෙව් ලොවක මිහිර
දහර දිය දහර ගලයි ද
",දෙව් ලොවක මිහිර,සැපවත් ජීවිතයක්,සැපවත් ජීවිතයක් ගත කරන්නේද අසයි,"අදුරු මගේ යහනේ සුව සදනා
ඔබ නැතිව....අද රෑට",අදුරු මගේ යහනේ,කිසි සුවයක් නැති මගේ ඇද,මගේ රාත්‍රිය සුවපත් කරන ඔබ අද රෑට මගේ කිසි සැප පහසුකම් නැති ඇදේ නැති බව අගවයි
Prarthana ,ප්‍රාර්ථනා,2010,daddy,ඩැඩී,daddy,ඩැඩී,"පියඹා ඒ ආකාසේ
විහිදා දෑතේ
දෙව් ලෝ තලේ වයනා ගීතේ
සෙව්වා මේ ලෝකයේ ගීතයෙන් වෙලී
කැල්මන් නෙතේ
තුන්සුවේ විදී මා ජීවිතේ පැතූ
ආදරෙන් දිනූ
රෑ තාරුකා ලෙසේ
පහන් වී
ලෝකේ මගේ
ගයනා සාගරේ වගේ
දෙසවන් කිති තැවේ
වාදනා දෑතින් ඉඟි කලේ පදවා තුලේ රැඳි ඒ ගීතේ
පවසයි කතා ජීවේ
දුන් රිද්මයයි හදපන ගැන්වූයේ
සැනසුම් ලං වූයේ ගීතයෙන් වෙලී
කැල්මන් නෙතේ
තුන්සුවේ විදී මා ජීවිතේ පැතූ
ආදරෙන් දිනූ
රෑ තාරුකා ලෙසේ
පහන් වී
ලෝකේ මගේ
ගයනා සාගරේ වගේ
දෙසවන් කිති තැවේ
වාදනා දෑතින් ඉඟි කලේ මා ජීවිතේ පැතූ
ආදරෙන් දිනූ
රෑ තාරුකා ලෙසේ
පහන් වී
ලෝකේ මගේ
ගයනා සාගරේ වගේ
දෙසවන් කිති තැවේ
වාදනා දෑතින් ඉඟි කලේ ",දෙසවන් කිති තැවේ,කිති තැවේ,මිහිරි හඩක් ඇසෙනව,කන් වලට මිහිරි හඩක් ඇසෙන බව අගවයි,,,,
Kivva boruwak,කිව්වා බොරුවක්,2010,daddy,ඩැඩී,daddy,ඩැඩී,"ඔව් මං දවසක් ඔව්
ඔව් මං දවසක් ඔව්
ඔව් මං දවසක් ඔව්

ඔව් මං දවසක් කිව්වා බොරුවක්
ආදරේට... ඕන මගුලක් යැයි කියලා
දැන් යා පැනලා තෙහෙට්ටු වීලා
සිත ඇතුලේ සිරකරගත්
දුක හොඳටම පැහිලා

මං වෙනස් වීලා මං දුරස් වීලා
ඔබට තේරුම් කරලා
කියන්න බෑ මට කියන්න බෑ මට
මං පොරොන්දු වීලා


ඔව් මං දවසක් යන්නම හැදුවා
ආදරේට... හෙණ ගහපං කියලා
පපුවට දැණුනා ඔළුවට වැදුණා
සිත ඇතුලේ දුක් ගින්දර
සොය සොය විත් දැව්වා

මං වෙනස් වීලා මං දුරස් වීලා
ඔබට තේරුම් කරලා
කියන්න බෑ මට කියන්න බෑ මට
මං පොරොන්දු වීලා


කියන්න බෑ මට කියන්න බෑ මට
මා පොරොන්දු වීලා



ගායනය - විරේෂ් කුරේ, ඩැඩී
සංගීතය, ගී පද - ඩැඩී
",දුක හොඳටම පැහිලා,පැහිල,බරපතලයි,දුක බොහෝ සේ බරපතලව දැනෙනවා,ආදරේට... හෙණ ගහපං කියලා,හෙණ ගහපං,ඕනෑම නරක දෙයක් වන්න කියා සාප කිරීම,ඔහුගේ ආදරේට ඕනෑම නරක දෙයක් වන්න කියා සාප කිරීම
SMS,එස් එම් එස්,2007,daddy,ඩැඩී,daddy,ඩැඩී,"සුවඳැති කොලවල පෙම් වදන් ලියපු කාලේ
මුද්දර අලව අලව ලියුම් යවපු තාලේ
සයිකලේ පාග පාග ඒව බෙදපු පියුමේ
සමාවෙයං මම නෑ ලියුම් දෙන්නෙ ආයේ
උදේ ඉඳන්, හවස් වෙනකල්,
අතේ මුදල්, සතේට හිඳෙනකල්,
අතේ ඇඟිලි රිදෙනකල්, කෙල්ල නිදියගන්නකල්,
වචන රචන කරන එකම ක්රමය...
ලියල යවන ලියුම් වගේ කල්යන්නෑ,
Read කරල erase කලොත් අහුවෙන්නෑ,
කෙල්ල නිදියගන්නකල්, මටත් නිදිමත එනකං,
වචන රචන කරන එකම ක්රමය sms
මම යැවුව hello sweet කෙල්ලෙ ඔයා කොහෙද කියල,
එයා අහල එවුව හවසට අපි හමුවෙමුදැයි කියල,
Type කරල කොතැන කීයටදයි දැනගන්නට ඕන,
ඒත් credit නෑනෙ phone එකෙන් messagesම ගහලා.
උදේ ඉඳන්, හවස් වෙනකල්,
අතේ මුදල්, සතේට හිඳෙනකල්,
අතේ ඇඟිලි රිදෙනකං, කෙල්ල නිදියගන්නකං,
වචන රචන කරන එකම ක්රමය sms
උදේ ඉඳන්, හවස් වෙනකල්,
අතේ මුදල්, සතේට හිඳෙනකල්,
අතේ ඇඟිලි රිදෙනකං, කෙල්ල නිදියගන්නකං,
මටත් නිදිමත එනකං, මට reply එනකං,
Battery බැහැලම යනකං, ඉරිදට පල්ලි යන ගමන්,
සඳුදට පන්ති යනගමන්, මස්සින ගෙදර ඉන්නකං,
ගහ යට බලන් ඉන්නකං, ආදරෙ කියාගන්නකං,
ඇගෙ සිත දිනාගන්නකං, දින තුන හතරක් ගෙවුනත්,
අතේ ඇඟිලි රිදෙනකල්, sms කර කර හිටපන් පන් පන්","අතේ මුදල්, සතේට හිඳෙනකල්",හිඳෙනකල්,අවසන් වනතෙක්,අතේ මුදල් සියල්ල අවසන් වන තෙක්,,,,
nilupul denethai,නිල්ුපුල් දෙනෙතයි,2007,daddy,ඩැඩී,daddy,ඩැඩී," නිලුපුල් දෙනෙතයි කෝමල මුහුණයි
ඔබ මට කුසුමක් වගෙයි හැඟෙයි
මගේ හිත සසලයි දෙනුවන් කැළඹෙයි
කියාගන්න බෑ ආදරේ දිගු නෙත් බැල්මයි සුදු ඔබේ මුහුණයි
ඔබ මා ළංවූවා
මගේ හද නිසලයි ඔබවම ඈඳී
සිත අසරණ වෙනවා නිලුපුල් දෙනෙතයි කෝමල මුහුණයි
ඔබ මට කුසුමක් වගෙයි හැඟෙයි
මගේ හිත සසලයි දෙනුවන් කැළඹෙයි
කියාගන්න බෑ ආදරේ ඔබ මා ඇමතූ මුල් දින සැනෙකින්
මගේ මුව ගොළු වූවා
පෙම් ලොව ඔබමයි ඔබවම පතමින්
අද මා ලතවෙනවා නිලුපුල් දෙනෙතයි කෝමල මුහුණයි
ඔබ මට කුසුමක් වගෙයි හැඟෙයි
මගේ හිත සසලයි දෙනුවන් කැළඹෙයි
කියාගන්න බෑ ආදරේ නිලුපුල් දෙනෙතයි කෝමල මුහුණයි
ඔබ මට කුසුමක් වගෙයි හැඟෙයි
මගේ හිත සසලයි දෙනුවන් කැළඹෙයි
කියාගන්න බෑ ආදරේ",මගේ හද නිසලයි ඔබවම ඈඳී,හද නිසලයි,සිත එකතැනක පිහිටුවාගෙන ඇත,ඔබ ගැන සිතමින් සිත එක්තැනක පිහිටුවාගෙන ඇත,,,,
kawurunda oba mage,කවුරුන්ද ඔබ මගේ,1999,Saman athaudha hetti,සමන් අතාවුද හෙට්ටි,sunil edirisinghe,සුනිල් එදිරිසිංහ," කවුරුන්ද ඔබ මගේ
කවුරුන්ද මා ඔබේ
කවුරුන්ද ඔබ මගේ
කවුරුන්ද මා ඔබේ
කවුරුන්ද ඔබ මගේ
කවුරුන්ද මා ඔබේ
කවුරුන්ද ඔබ මගේ
කවුරුන්ද මා ඔබේ දෙතොල් සලා මුදු සිනා
නගන්නෙමු
දෙනෙත් පුරා පිරි කදුලු
සලන්නෙමු…
දෙතොල් සලා මුදු සිනා
නගන්නෙමු
දෙනෙත් පුරා පිරි කදුලු
සලන්නෙමු…
හදවත් ගැහෙනා රිද්මය
අතරේ
සිතින් ගතින් එක්තැන්
වී ඉන්නෙමු කවුරුන්ද ඔබ මගේ
කවුරුන්ද මා ඔබේ
කවුරුන්ද ඔබ මගේ
කවුරුන්ද මා ඔබේ ප්රේමය ගොලු වී
හඩාවැටීලා
ඔබ හද මා හද රිදවන
මොහොතේ. .
ප්රේමය ගොලු වී
හඩාවැටීලා
ඔබ හද මා හද රිදවන
මොහොතේ. .
ජීවිතයට හුරු පැරදුම
හමුවේ
නොදොඩා ගොලු වී බලා
සිටින්නෙමු
කවුරුන්ද ඔබ මගේ
කවුරුන්ද මා ඔබේ
කවුරුන්ද ඔබ මගේ
කවුරුන්ද මා ඔබේ ","ප්‍රේමය ගොලු වී
හඩාවැටීලා",ප්‍රේමය ගොලු වී,ආදරය නොසලකාහැරලා,ආදරය නොසලකාහැර හඩන බව කියවෙයි,,,,
waren yanna,වරෙන් යන්න,2013,daddy,ඩැඩී,daddy,ඩැඩී,"වරෙන් යන්න අපිත් එක්ක
කන්න බොන්න හිනාවෙන්න
බයිලා නැත්තම් හිප්හොප් කියන්නම්
ඔළුවෙන් හිටගෙනම සතයක් වත් නැතිව නොමිලේ,
හොදට හිනාවෙන්න
සල්ලි කියා තම මල්ලි මරාගෙන
රණ්ඩු කරාගෙන ජීවත් වුන අය
ගැන ඇහුවා – දැන ගන්තා – කල කිරුණා බඩට ගැහුවෙ කවුද – ඔරවන්නේ මොකද
චණ්ඩි කියාගෙන – ගැන්සි හදාගෙන – සද්ද දමාගෙන
දත්නැතිව බත් කාපු අය දැකල දුක හිතුනා
පරක්කු නෑ තවම – හිත හදාගන්න බැරිද
වරක් කිව්වා හොද සැපක් ඕනෙ නම්
බකන් නිලන් මොකද.. ඩෙනිම් ඇදන් ජෙල් ගා ගන්න
සාක්කු වල මොනරු ගේන්න
YES පහයි NO තුනකුයි ඇති
කෙල්ලෙක් දා ගන්න ජීවත් වෙන්න – ජීවය මෙන්න කදුළු පුරවාගෙන‍ – දවසම අඩන්නේ මොකටද
බොක්කෙන්ම ලව් කරලා – බැනල බෙර ගහල
ලොවට පෙන්නාපු කෙල්ලො
හලපු පොරවල් දැක්කා
තැන් තැන්වල පච වෙනවා වැරැද්ද කාගේද – නීතිය අපි කාටත් එකද
ජාති ජන්ම කුල බේද පටලවපු අපේම සමහරු
සුදු ඇදුම ඇදගෙන – අසරණයට දඩුවම් කෙරුවා
පරක්කු නෑ තවම – අපිට වෙනස් වෙන්න බැරිද
වරක් කිව්වා හොද සැපක් ඕනෙ නම්
බකන් නිලන් මොකද ජීවත් වෙන්න
මෙන්න මගෙ අත ගන්න
විදින්න ආදරේ ලබන්න
ආදරේ කරන්න
ඉතින්, වරක් කිව්ව හොද සැපක් අරන්
හෙට මැරිල ගියත් මොකද වරෙන් යන්න අපිත් එක්ක
බැරිනම් ගෙදරට වෙල ඉන්න
බැනුම් අහල මදි වගෙ නම්
ගෑනුන්ගෙන් ගුටි කන්න..
(කව්ද කිව්වෙ)
ඩෙනිම් ඇදන් ජෙල් ගා ගන්න
සාක්කු වල මොනරු ගේන්න
YES පහයි NO තුනකුයි ඇති
කෙල්ලෙක් දා ගන්න",බොක්කෙන්ම ලව් කරලා – බැනල බෙර ගහල,බොක්කෙන්ම,අවංකව,අවංකව සමාජයට පේන්න ආදරය කල බව හගවයි,,,,
jiwithe sihinayan,ජීවිතේ සිහිනයන්,2008,indrachapa liyanage,ඉන්ද්‍රචාපා ලියනගේ,indrachapa liyanage,ඉන්ද්‍රචාපා ලියනගේ," හමන සුළගේ ගිනි දැල් නිවේ
ජීවිතයේ සිහිනයන් නැලවේ
මායාවේ අදුරයි දැනුනේ
මැවෙනා ලෝකෙන් මිදෙනා මිරිගුව නෙත ගැටුනා වේ
සෙනෙහස ගිනි ගන්න ලෝකේ
අවකාශේ මිත්‍යා දසතේ පැතිරේ හමන සුළගේ ගිනි දැල් නිවේ
ජීවිතයේ සිහිනයන් නැලවේ
මායාවේ අදුරයි දැනුනේ
මැවෙනා ලෝකෙන් මිදෙනා",මැවෙනා ලෝකෙන් මිදෙනා මිරිගුව නෙත ගැටුනා වේ,මිරිගුව ,කිසිදින අත්විදින්නට නොවන දෙයක්,මේ මවාපාන ලෝකයන් මිදී කිසිදිනක අත්විදින්නට නොලැබෙන ජීවිතයකට අවධානය යොමු කිරීම ගැටලුවක් නැති බව අගවයි,,,,
Desin,දෑසින්,2011,Ruvini Thalpavila,රුවිනි තල්පාවිල,indrachapa liyanage,ඉන්ද්‍රචාපා ලියනගේ," මේ හීනයේ යාවී බොදවී
දෑසින් ගිලිහී පාවී මා විසිරී
මේ හීනයේ යාවී බොදවී
දෑසින් ගිලිහී පාවී මා විසිරී මා මේ ගීයේ මතකයන් නොමියේ
මා ජීවිතේ රැදී ආදරේ
නෑ මිය ගියේ ඒ සිහිනේ
දෑසින් ගිලිහි පාවී මා විසිරි මේ හීනයේ යාවි බොද වී
දෑසින් ගිලිහි පාවී මා විසිරී",දෑසින් ගිලිහී පාවී මා විසිරී මා මේ ගීයේ මතකයන් නොමියේ,මතකයන් නොමියේ,මතකයන් කිසිදින අමතක නොවේ,මෙම ගීයෙ මතකයන් කෙසිදිනක අමතක නොවන බව අගවයි,නෑ මිය ගියේ ඒ සිහිනේ,නෑ මිය ගියේ,අත්හැරියේ නෑ,ඒ සිහිනය අත් හැරියේ නෑ
Ulkapathayak,උල්කාපාතයක්,2010,Chinthana Dharamadasa,චින්තන ධර්මදාස,indrachapa liyanage,ඉන්ද්‍රචාපා ලියනගේ," අළු පාට වළාකුළු
කථාවක් නෑ
තරු නිවී තරු නිවී
රාත්‍රියේ
සඳක් නැති අහසේ
අරමුණක් නැතුව මං
ගිනි අරන් ගිනි අරන්
මොනවත් හොයන් උල්කාපාතයක් අහසේ ගිනි අරන්
අළු වෙලා පොළවට වැටෙනා
උල්කාපාතයක්
උල්කාපාතයක් අහසේ ගිනි අරන්
අළු වෙලා පොළවට වැටෙනා
උල්කාපාතයක් අහස් කාන්තාරයේ
නන්නාඳුනනා ජීවිතේ
ආලෝක වර්ෂ ගෙවා
ආදරේ අරමුණක් සොයා
පොළවට වැටෙනා
දේවතා එළියක්
ගිනි ගත්ත
තරු එළියක් උල්කාපාතයක් අහසේ ගිනි අරන්
අළු වෙලා පොළවට වැටෙනා
උල්කාපාතයක් අහසේ ගිනි අරන්
අළු වෙලා පොළවට වැටෙනා
උල්කාපාතයක්","සඳක් නැති අහසේ
අරමුණක් නැතුව මං
ගිනි අරන් ගිනි අරන්",සඳක් නැති අහසේ,කිසි බලපොරොත්තුවක් නැති ජීවිතයක්,කිසි බලපොරොත්තුවක් හෝ අරමුණක් නැති ජීවිතය නිසා කැලබුනු සිතක් ගැන අදහස් කරයි,,,,
Irunu aththatu,ඉරුනු අත්තටු,2011,Unknown,නොදනී,indrachapa liyanage ft raj,ඉන්ද්‍රචාපා ලියනගේ සහ රාජ්,"අහස හිරු ගිනි දැවෙනා
සඳ ගිලී වත නොබලා
බිඳුණු තුරු පත් විසිරී- රුදු සුලඟේ

කෑ ගසා හඬා.
රස රිසි ලෙසේ… රිසි ලෙසේ
බිඟු රද නැති ලොවේ නැති ලොවේ
පිදු මල රහසිනේ රහසිනේ
පෙති හකුලා ගියේ. ඇයි ගියේ

රුහිරු මා උර ගලනා
හද පෙඟී ඉකි බිඳිනා
ඉරුණු අත් තටු පැටලී- මල් නටුවේ
වේදනා ගෙනේ…

බොල් පිනි පිසු නුඹේ නෙතගේ
අතැඟිලි තුඩු පවා වැලපෙතේ
සුපිපුන මල් දහස් අතරේ
නෙළු කුසුමිය ගියේ… හැර ගියේ",බොල් පිනි පිසු නුඹේ නෙතගේ,බොල් පිනි පිසු,හැඩීමෙන් කදුලු ඇවිත් ඇතිබව,හැඩීම නිසා ඇයගේ ඇස් වල කදුලු ගලා ඇති බව දිස්වේ,,,,
Muwa muktha latha,මුව මුක්තා ලතා,1999,Dr. Ajantha Ransinghe,අජන්ත රණසිංහ,edward jayakody,එඩ්වඩ් ජයකොඩි,"මුව මුඛ්යා ලතා පිපි රංසාගනන්
විල් නෙලුමාසනෙන් ආ ළඳේ
ඔබ භාග්යා සරෝජාවියේ
ස්වර්ණා භර්ණා පැහැයෙන් දිලේ
මා හද ප්රේමාගනේ රෑ නුඹ රාසෙන් ළඳේ
බඳ මණිමේඛලාව මුදා අනුරාගෙ නගන් නොනිඳා

ආකාස ගං චන්ද්ර නෞකාවේ
තනිවෙන්න යං පෙම් රසෝජාවේ
රූසිරු කල්යාණියේ මා සැතපෙන්නම් ප්රියේ
තුනු ශ්රීයෙන් විපුල් වොරැඳේ මනසානන්ද මන්දෝදරී

නිසසනි සගගම පමපප නිනිසරි ග.
රිස සගරිස නිප නිස රි…
නිප මගප ගමප ගරි නිනි සරි ස…

හිරු එන්න පෙර රාත්රි මේ සීතේ
හා හා ගයම් සෞම්ය සංගීතේ
ඒ හිරු නොනගීවා රෑ තව දිගු වේවා
ඔබේ නළලේ සඳුන් තිලකේ
අද ඉහිරේද දෙතොලෙන් මගේ",ඔබ භාග්යා සරෝජාවියේ ස්වර්ණා භර්ණා පැහැයෙන් දිලේ,ස්වර්ණා භර්ණා පැහැයෙන්,සම දීපතියෙන් දිලිසේ,ඔබගේ ශරීරය රන් පැහැයෙන් දිලිසෙන සේ පෙනෙනෙ බව කියවෙයි,හිරු එන්න පෙර රාත්රි මේ සීතේ,හිරු එන්න පෙර ,උදේ වීමට පෙර,උදෑසන වන්නට පෙර මේ රාත්‍රියේ
Sadakalika nowu loke,සදාකාලික නොවූ ලෝකේ,2008,Ananda Amarasiri,ආනන්ද අමරසිරි,sunil edirisinghe,සුනිල් එදිරිසිංහ,"සදාකාලික නොවූ ලෝකේ
සදාකාලික ප්රේමයක්
සොයා නෙක ගම් දනව් පීරා
ගෙවූ කාලය සිහිනයක්

මගේ දුක දැක ඔබේ දෙනයන
උපන් කඳුළින් සේදිලා
මගේ දුක දැක ඔබේ දෙනයන
උපන් කඳුළින් සේදිලා
ඔබේ වත නොව ඔබේ හදවත
පුරා සඳ සේ පෑදිලා

සදාකාලික නොවූ ලෝකේ
සදාකාලික ප්රේමයක්
සොයා නෙක ගම් දනව් පීරා
ගෙවූ කාලය සිහිනයක්

එදා ළඟ සිට දුටුව ඔබ නොව
මෙදා දුර සිට මා දකින්නේ
එදා ළඟ සිට දුටුව ඔබ නොව
මෙදා දුර සිට මා දකින්නේ
සදාකාලික නොවූ ලෝකයෙ
සදා කෙලෙස ද පෙම් බඳින්නේ","මගේ දුක දැක ඔබේ දෙනයන
උපන් කඳුළින් සේදිලා","දෙනයන
උපන් කඳුළින් සේදිලා",හැඩීම නිසා ඇති වූ කදුලු වලින් ඇස් තෙත් වෙලා,මාගෙ දුක දැක හැඩීම නිසා හටගත් කදුලින් ඔබගේ ඇස් තෙත් වී ඇති බව පවසයි,,,,
Me koi yanne,මේ කොයි යන්නෙ,1998,Unknown,නොදනී,edward jayakody,එඩ්වඩ් ජයකොඩි,"මේ කොයි යාන්නේ
රායි ගම් යාන්නේ
කවදද ඒන්නේ
නැත අප දාන්නේ

උඩින් ගියොත් සිරස බිදෙයි
බිමින් ගියොත් ටිබෝල් ඇණෙයි
උඩින් ගියොත් සිරස බිදෙයි
බිමින් ගියොත් ටිබෝල් ඇණෙයි

මේ කොයි යාන්නේ
රායි ගම් යාන්නේ
කවදද ඒන්නේ
නැත අප දාන්නේ

කුරිරු හොර සතුන් ගහනයි වනාන්තර්
වල් මත් නොවී යන ගමනා හෙමින් සැරේ
සතුන් පනී දෙබරු අනි සොර මුළු සේසත පැහැර ගනී
සතුන් පනී දෙබරු අනි සොර මුළු සේසත පැහැර ගනී

මේ කොයි යාන්නේ
රායි ගම් යාන්නේ

බාර හාර වී පුද පෙත් නොකලාට
අට විසි බුදුන්ගේ සරණයි නුබලාට
ගමන දුරයි මග කටුකයි පා යුග පැටලෙයි බලාගෙනයි
ගමන දුරයි මග කටුකයි පා යුග පැටලෙයි බලාගෙනයි

මේ කොයි යාන්නේ
රායි ගම් යාන්නේ
කවදද ඒන්නේ
නැත අප දාන්නේ

උඩින් ගියොත් සිරස බිදෙයි
බිමින් ගියොත් ටිබෝල් ඇණෙයි
උඩින් ගියොත් සිරස බිදෙයි
බිමින් ගියොත් ටිබෝල් ඇණෙයි
උඩින් ගියොත් සිරස බිදෙයි
බිමින් ගියොත් ටිබෝල් ඇණෙයි
උඩින් ගියොත් සිරස බිදෙයි
බිමින් ගියොත් ටිබෝල් ඇණෙයි",උඩින් ගියොත් සිරස බිදෙයි,සිරස බිදෙයි,හිස ප්‍රදේශයට අනතුරක් සිදුවිය හැක,වඩාත් උඩින් ගමන් කිරීමෙන් හිස ප්‍රදේශයට අනතුරක් සිදුවිය හැකිබව අගවයි,,,,
Game pansala,ගමේ පන්සල,2010,Ramukkana Sidhaartha himi,රබුක්කන සිධාර්ථ හීමි,edward jayakody,එඩ්වඩ් ජයකොඩි,"ගමේ පන්සල අපේ පන්සල
අපේකම රැක්කා..
අපේ දානෙදි අපේ මරණෙදි
අපේ ළඟ හිටියා...
ගමේ පන්සල අපේ පන්සල
අපේකම රැක්කා..
අපේ දානෙදි අපේ මරණෙදි
අපේ ළඟ හිටියා...
අපේ ගම් වල අපේ දරුවන්
සසුන් ගතකරවා
නිවන් පුර වැද නිවී සැනහෙන
මාවතේ යැව්වා...
ගමේ පන්සල අපේ පන්සල
අපේකම රැක්කා..
අපේ දානෙදි අපේ මරණෙදි
අපේ ළඟ හිටියා...
අපේ ජාතිය අපේ ආගම
අපේ බව කිව්වා
අපේ දෙස බස අපේ පන්සල
නිසාවෙන් රැකුණා
ගමේ පන්සල අපේ පන්සල
අපේකම රැක්කා..
අපේ දානෙදි අපේ මරණෙදි
අපේ ළඟ හිටියා...
අපේකම රැක්කා...
අපේ ළඟ හිටියා...
අපේකම රැක්කා...
අපේ ළඟ හිටියා...
","අපේ දානෙදි අපේ මරණෙදි
අපේ ළඟ හිටියා...",අපේ දානෙදි අපේ මරණෙදි,ජීවිතයේ බොහෝ අවස්ථාවලදී ,ජීවිතයේ බොහෝ අවස්ථාවලදී පන්සලෙන් ලොකු ශක්තියක් හා දිරිමත් කිරීමක් ලැබුනා,,,,
Karadiya gambure,කරදිය ගැඹුරේ,1999,"Premakumara Jayawardena",ප්‍රේමකුමාර ජයවර්ධන,edward jayakody,එඩ්වඩ් ජයකොඩි," කරදිය ගැඹරේ තුන්යම ගෙවුනේ
නුඹගේ දෑතට දිරිය වඩන්නයි
සුහුඹුල් අත්පා යදඬු කරන්නයි
කිරිකැටි පුතුනේ… කිරිකැටි පුතුනේ අව්වට වැගිරෙන දාදිය වැස්සේ
කළුගල් තලලා මහමං තැනුවේ
නිවහල් ලොවකට නුඹට වඩින්නයි
කිරිකැටි පුතුනේ… කිරිකැටි පුතුනේ දුම් රොටු අතරේ කම්මල් ඇතුළේ
දැතිරෝදෙට ගත ජීවය දුන්නේ
නව මිනිසෙකු නව ලොවට පුදන්නයි
කිරිකැටි පුතුනේ… කිරිකැටි පුතුනේ කරදිය ගැඹරේ තුන්යම ගෙවුනේ
නුඹගේ දෑතට දිරිය වඩන්නයි
සුහුඹුල් අත්පා යදඬු කරන්නයි
කිරිකැටි පුතුනේ… කිරිකැටි පුතුනේ  ","කරදිය ගැඹරේ තුන්යම ගෙවුනේ
නුඹගේ දෑතට දිරිය වඩන්නයි",කරදිය ගැඹරේ තුන්යම ගෙවුනේ,මුහුදු යාමෙන් රාත්‍රී කාලය ගෙවූ බව,රැකියාව වශයෙන් මුහුදු ගොස් මසුන් අල්ලා තම දරුවන් උස් මහත් කල බව කියවේ,,,,
Me nagaraya aluth wela,මේ නගරය අලුත් වෙලා,2001,Madawa Hewawasam,මාධව හේවාවසම්,t m jayarathne,ටී එම් ජයරත්න," මේ නගරය අළුත් වෙලා
වැව්‍ දිය රළ ගිලන් වෙලා
අත් අල්ලන් ඔහේ ඇවිද ගිය
පටු මාවත් පුළුල් වෙලා
මේ නගරය අළුත් වෙලා
වැව්‍ දිය රළ ගිලන් වෙලා
අත් අල්ලන් ඔහේ ඇවිද ගිය
පටු මාවත් පුළුල් වෙලා
මේ නගරය අළුත් වෙලා එදා අප දුටු පෙම්වතුන්
වෙලා අද හොද පින්වතුන්
එදා අප දුටු පෙම්වතුන්
වෙලා අද හොද පින්වතුන්
අකුරු පොත්පත් පිරුණු අත්වල
එල්ලිලා අද පොඩි පුතුන් මේ නගරය අළුත් වෙලා
වැව්‍ දිය රළ ගිලන් වෙලා
අත් අල්ලන් ඔහේ ඇවිද ගිය
පටු මාවත් පුළුල් වෙලා
මේ නගරය අළුත් වෙලා
වැව්‍ දිය රළ ගිලන් වෙලා
අත් අල්ලන් ඔහේ ඇවිද ගිය
පටු මාවත් පුළුල් වෙලා
මේ නගරය අළුත් වෙලා පෙම් කරපු තැන් පුරුදු
වසා සුවිසල් මැදුරු
පෙම් කරපු තැන් පුරුදු
වසා සුවිසල් මැදුරු
පෙම්වතුන් අද සිරවෙලා
පාළු කුටිවල අදුරු මේ නගරය අළුත් වෙලා
වැව්‍ දිය රළ ගිලන් වෙලා
අත් අල්ලන් ඔහේ ඇවිද ගිය
පටු මාවත් පුළුල් වෙලා
මේ නගරය අළුත් වෙලා
වැව්‍ දිය රළ ගිලන් වෙලා
අත් අල්ලන් ඔහේ ඇවිද ගිය
පටු මාවත් පුළුල් වෙලා
මේ නගරය අළුත් වෙලා",වැව්‍ දිය රළ ගිලන් වෙලා,ගිලන්,හිදී ගොස්,වැව හිදි ගොස් බව අගවයි,,,,
Pana mada kadithi,පැන මඩ කඩිති,1999,Mahinda Chandrasekara,මහින්ද චන්ද්‍රසේකර,sunil edirisinghe,සුනිල් එදිරිසිංහ," පැන මඩකඩිති වැව් තාවලු වැහි කාලේ
පෙන්නා මග නොමග නොවැටී යන තාලේ
සිප් කිරි පෙවූ මූසිලයින් උඩු මාලේ
අපෙ ගුරුතුමා යයි තාමත් ඉස්කෝලේ සාමා අමර විකුණති බස් පොලේ කජු
කුමා‍රෝද පිටු දන්දෙති එයින් මතු
උගත මනා ශිල්පය පිල් කඩ නොපැතූ
වේවැල වටා ඉකිබිඳ දඩුවමක් පැතූ රන් මසු පටපිළී අභරණ උරන වෙලා
සමන් පිච්ච කැකුළිය ගෙයි මිලිණ වෙලා
ගුරු නිවහනේ කඳුලට උල්පතක් වෙලා
ලොකු හාමි‍නේ ඇත බිතු සිතුවමක් වෙලා
ැන මඩකඩිති වැව් තාවලු වැහි කාලේ
පෙන්නා මග නොමග නොවැටී යන තාලේ
සිප් කිරි පෙවූ මූසිලයින් උඩු මාලේ
අපෙ ගුරුතුමා යයි තාමත් ඉස්කෝලේ",සිප් කිරි පෙවූ වූසිලයින් උඩුමහලේ,උඩුමහලේ,ඉහල තනතුරු වල,තමන්ගෙන් අකුරු ඉගෙනගත්තු ගෝලබාලයින් ගුරුවරයා අභිබවා ඉහල තැන්වල සිටියදී,,,,
Ran samanalayo,රන් සමනලයෝ,1999,Prema kirthi da Alwis,ප්‍රේමකීර්තිද අල්විස්,sunil edirisinghe,සුනිල් එදිරිසිංහ," රන් සමනළයෝ පුංචි කැකුළියෝ
දේදුන්නේ නැඟිලා
රන් සමනළයෝ පුංචි කැකුළියෝ
දේදුන්නේ නැඟිලා මීදුම් සළුවේ තුරු මල් උයනේ
කොයි යන්නේ පියඹා
රන් සමනළයෝ පුංචි කැකුළියෝ
දේදුන්නේ නැඟිලා
පෙම්බර ආල හිතේ ගී නොවෙදෝ ගැයුවේ
මොළකැටි බාල වියේ ඒ හුරතල් කොතැනේ
මව් දෑතින් මිදුණාදෝ
යෞවනයේ මත් වීදෝ රන් සමනළයෝ පුංචි කැකුළියෝ
දේදුන්නේ නැඟිලා
රන් සමනළයෝ පුංචි කැකුළියෝ
දේදුන්නේ නැඟිලා ලද මනමාල හිතේ ආදරයේ සුවඳේ
තව නොදිටීද ලොවේ ජීවිතයේ අරුමේ
මල් යහනා පැතුවාදෝ
ඒ යහනා හමුවේදෝ
රන් සමනළයෝ පුංචි කැකුළියෝ
දේදුන්නේ නැඟිලා
රන් සමනළයෝ පුංචි කැකුළියෝ
දේදුන්නේ නැඟිලා මීදුම් සළුවේ තුරු මල් උයනේ
කොයි යන්නේ පියඹා
රන් සමනළයෝ පුංචි කැකුළියෝ
දේදුන්නේ නැඟිලා",තව නොදිටීද ලොවේ ජීවිතයේ අරුමේ, ලොවේ ජීවිතයේ අරුමේ,ඇත්ත ජීවිතේ ඇති දුක් කම්කටලු හා අභියෝග,ඇත්ත ජීවිතේ ඇති දුක් කම්කටලු හා අභියෝග තාමත් අත්වින්දෙ නැතිදැයි අසයි,,,,
sabanda api,සබද අපි,1999,Darshana Medis,දර්ශන මෙදිස්,gunadasa kapuge,ගුනදාස කපුගේ,"සබඳ අපි කඳු නොවෙමු
උනුන් පරයා නැගෙන
සුනිල දිය දහර වෙමු
එකම ගඟකට වැටෙන
සබඳ අපි කඳු නොවෙමු
උනුන් පරයා නැගෙන
සුනිල දිය දහර වෙමු
එකම ගඟකට වැටෙන
වියරු ගිනිදැල් නොවෙමු
වනය අවුලා තබන
මිහිර දෙන වැස්ස වෙමු
දැවෙන කැලයට වසින
සබඳ අපි කඳු නොවෙමු
උනුන් පරයා නැගෙන
සුනිල දිය දහර වෙමු
එකම ගඟකට වැටෙන
නපුරු හීනය නොවෙමු
ළමුන් නිදි සුව බිඳින
සොඳුරු අඬහැරය වෙමු
දනන් නින්දෙන් මුදන
සබඳ අපි කඳු නොවෙමු
උනුන් පරයා නැගෙන
සුනිල දිය දහර වෙමු
එකම ගඟකට වැටෙන
සබඳ අපි කඳු නොවෙමු
උනුන් පරයා නැගෙන
සුනිල දිය දහර වෙමු
එකම ගඟකට වැටෙන","සුනිල දිය දහර වෙමු
එකම ගඟකට වැටෙන",සුනිල දිය,එකිනෙකා සමග සහයෝගයෙන් සිටීම,එකිනෙකා අභිබවා නොගොස් සයෝගයෙන් ජීවත් විය යුතු බව කියවෙයි ,"වියරු ගිනිදැල් නොවෙමු
වනය අවුලා තබන",වියරු ගිනිදැල් ,සමාජයේ කෝපයන් වෛරයන් ඇති කිරීම,සමාජයේ කෝපයන් වෛරයන් ඇති කරන්නන් නොවෙමු
wala theerayen eha,වලාතීරයෙන් එහා,1998,Kularathne Ariyarathna,කුලරත්න ආරියරත්න,t m jayarathne,ටී එම් ජයරත්න,"වලා තීරයෙන් එහා
කොහේද ලෝකයක්
සොයා ඇදෙන් පැතුම් බිඟුන්
අපේම ලෝකයක්
අපේම ලෝකයක්
වලා තීරයෙන් එහා
කොහේද ලෝකයක්
සොයා ඇදෙන් පැතුම් බිඟුන්
අපේම ලෝකයක්
අපේම ලෝකයක්
තරංගයක් ලෙසින් ඇදී
බිඳී නොයන් සිතින්
වසන්තයක් ලෙසින් උදාව
එන්න ජීවිතෙන්
වලා තීරයෙන් එහා
කොහේද ලෝකයක්
සොයා ඇදෙන් පැතුම් බිඟුන්
අපේම ලෝකයක්
අපේම ලෝකයක්
සිහිල් සහන් සුසුම් සරින්
පවන් රොදක් ලෙසින්
නැවුම් පැතුම් අරන් වඩින්න
පෙම් උයන් දොරින්
වලා තීරයෙන් එහා
කොහේද ලෝකයක්
සොයා ඇදෙන් පැතුම් බිඟුන්
අපේම ලෝකයක්
අපේම ලෝකයක්","වලා තීරයෙන් එහා
කොහේද ලෝකයක්",කොහේද ලෝකයක්,තමත් බලාපොරොත්තු වන සියලු සැප ඇති ලෝකයක්,ලගා වීමට අපහසු තමත් බලාපොරොත්තු වන සියලු සැප ඇති  ජීවිතයක් ගැන කියවෙයි,,,,
Sanda mala pibidunu,සදමල් පිබිදුනු,2001,Kularathne Ariyarathna,කුලරත්න ආරියරත්න,sunil edirisinghe nanda malani,"සුනිල් එදිරිසිංහ, නන්දා මාලිනී"," සඳ මල පිබිදුනු
නිල් කඳුරැල්ළක…
රන් තරු පොකුරක
මල් ඇතිරිල්ලක…
හසරැල් කැල්මක
දුක් කඳුළැල්ලක…
තනිවෙමු දෙසිතෙහි
එක සිතිවිල්ලක… හඩා වැටෙන විට නෙතුයුග තෙත්වී….
සිනා පොදක් වෙන්නම්…
සිනා නඟන විට පැතුමන් දැල්වී….
කඳුළින් සුරකින්නම්… සඳ මල පිබිදුනු
නිල් කඳුරැල්ළක…
රන් තරු පොකුරක
මල් ඇතිරිල්ලක…
හසරැල් කැල්මක
දුක් කඳුළැල්ලක…
තනිවෙමු දෙසිතෙහි
එක සිතිවිල්ලක… වියෝ දුකට සුසුමට මඟ අවුරා….
හදේ ළැඟුම් ගන්නම්…
රැදී නිබඳ පණ නළමෙන් දැවටී….
දිවි ඇති තුරු ඉන්නම්… සඳ මල පිබිදුනු
නිල් කඳුරැල්ළක…
රන් තරු පොකුරක
මල් ඇතිරිල්ලක…
හසරැල් කැල්මක
දුක් කඳුළැල්ලක…
තනිවෙමු දෙසිතෙහි
එක සිතිවිල්ලක…",හදේ ළැඟුම් ගන්නම්…,හදේ ,සිතේ,ඔබගේ සිතේ රැදෙන බව කියවේ,,,,
Api wenwena tharamata,අපි වෙන්වෙන තරමට,2010,Sidny Chandrasekara,සිඩ්නි චන්ද්‍රසේකර,chamika sirimanna,චාමික සිරිමාන්න,"අපි වෙන් වෙන තරමට කියනා දෙවල්
කොහොමද උහුලා ගන්නේ
අපි වෙන් වෙන තෑනටම කටයුතු වෙනකොට
කොහොමද බල බල ඉන්නේ
අපි එක් වුන මතකය සිහියට එනවිට
මම ඔබ ගැන හිත හිත දුක් වෙන හැම විට
මනසයි වන්දි ගෙවන්නේ… හිතන්න බෑ හිත කීරි ගෑහෙනවා ඔය සුදු මුහුන මතක් වී
සිබින්න බෑ මුව අහක බලන්වා මගේ මුව එක්ක තරහා වී
කියන්න බෑ අපේ ආදෙරෙ කතාව කදුලුත් එක්ක සිනාසී
සොයන්න බෑ තව ඔයා වගේ කෙනෙක් ආදරේ කරන්න පෙර සේ අපි වෙන් වෙන තරමට කියනා දෙවල්
කොහොමද උහුලා ගන්නේ
අපි වෙන් වෙන තෑනටම කටයුතු වෙනකොට
කොහොමද බල බල ඉන්නේ
අපි එක් වුන මතකය සිහියට එනවිට
මම ඔබ ගැන හිත හිත දුක් වෙන හැම විට
මනසයි වන්දි ගෙවන්නේ… සුන්දර සිනාව හුරතල් ඉනාව දකින්න ආසයි අදුරේ
දෑවටුනු හෑටි ආදරෙයි කියා මට දෑනෙනවා කිති කෑවි යහනේ
තොල් පෙති සිබින්න ආසයි ඈත්තට තුරුලට ගෙන ඔබ පෙර සේ
ආදරේ කියන්න තව එක සෑරයක් වෙන් වී යන්නට මත්තෙන් අපි වෙන් වෙන තරමට කියනා දෙවල්
කොහොමද උහුලා ගන්නේ
අපි වෙන් වෙන තෑනටම කටයුතු වෙනකොට
කොහොමද බල බල ඉන්නේ
අපි එක් වුන මතකය සිහියට එනවිට
මම ඔබ ගැන හිත හිත දුක් වෙන හැම විට
මනසයි වන්දි ගෙවන්නේ…
මම ඔබ ගැන හිත හිත දුක් වෙන හැම විට
මනසයි වන්දි ගෙවන්නේ…",දෑවටුනු හෑටි ආදරෙයි කියා මට දෑනෙනවා කිති කෑවි යහනේ,දෑවටුනු ,ලගින් සිටීම,ආදරෙන් ලගින් සිටි කාලය මතක් වෙන බව පවසයි,,,,
Dangalanna baa,දගලන්න බෑ,2012,Daddy,ඩැඩී,daddy,ඩැඩී," මම බැදලා
මම බැදලා
උඹ බැදලා ද? දගලන්න බෑ ඉස්සර වගේ
ඉවසන බෑ මේ කරදරේ
මට ඉන්න බෑ පඹයෙක් වගේ
හැරයන්න බෑ හිතටයි වදේ තනිවෙන්න බෑ සැකයයි ඇගේ
සෙට් වෙන්න බෑ වෙනදා වගේ
හමුවෙන්න බෑ මිතුරියෝ මගේ
මට දැනෙනවා බැන්දම රගේ ඔබේ ආලේ නිසා ඔබ මා සිරකලා
මගේ හැගුමන් ඔබ යටපත් කලා
නිතර කීකරු වෙලා ඉන්න මම ට්‍රයි කලා
ඒත් බැන්දම දුක මට තේරුනා ඇය කිව්වා මං ඇගේ පණ වගෙ
ඇගේ මුලු ආදරේ විතරයි හොදේ
පණ දෙන්න නම් මිතුරියෝ අනේ
මට ඉන්නවා ලෝකය වටේ මට බෑ  ",මට ඉන්න බෑ පඹයෙක් වගේ,පඹයෙක් ,ප්‍රතිචාර නොදක්වන කෙනෙක්,මට කිසිම ප්‍රතිචාරයක් නොදක්වා සිටිය නොහැකි බව පවසයි,,,,
minisa suwadai,මිනිසා සුවදයි,1999,Kmaradasa Saputhanthri,කුමාරදාස සපුතන්ත්‍රි,sunil edirisinghe,සුනිල් එදිරිසිංහ,"මිනිසා සුවඳයි මල සේ
නුවණින් එළියයි හිරු සේ
පරවී වැටිලා ඒ හිරු මල මේ දෙරණේ
පොළවේ උරුමේ කියමින්
බිලිදී විහිගුම් ගුණදම්
දහසිත් මියෙනා සටතිත්
අඟලේ හිමිකම් සොයමින්
ලොව නහවා සෝ කඳුලින්
සැනහේ ජය පැන් පුරමින්
මිනිසා සුවඳයි මල සේ
නුවණින් එළියයි හිරු සේ
පරවී වැටිලා ඒ හිරු මල මේ දෙරණේ
උණු ලේ විෂ වී සිරුරේ
ඉසුරන් ගැටෙනා අතරේ
ගිති මල් පිපිලා අහසේ
ඇවිලේ ගිනි දැල් සයුරේ
සා පවසින් ඉකි බිඳිතා
සුසුමෙත් යදියත් හෙලතා
මිනිසා සුවඳයි මල සේ
නුවණින් එළියයි හිරු සේ
පරවී වැටිලා ඒ හිරු මල මේ දෙරණේ",පොළවේ උරුමේ කියමින්,උරුමේ ,අයිතිය,යම් භූමියකට ඇති අයිතිය පෙන්වා දීමට උත්සාහ කරන බව කියවෙයි,,,,
piyawuna,පියවුනා,2013,Pamuditha Anjana,පමුදිත අංජන,indrachapa liyanage,ඉන්ද්‍රචාපා ලියනගේ," පියවුණා දෙනෙත් නිදි මතින්
ඇවිළුණා ගිණි පුපුරු සිතිවිලි පතුළේ
ළං වුණා අඳුර සෙවණැලි මකා දමා
පියවුණා සුසුම ආ
බොහෝ
කළකට කලින්
නැවතුණු හදෙන් හදෙන් හදෙන්
නැවතුණු හදෙන් හදෙන් හදෙන් කාළය ගෙවුණා අපි අපිට අහිමි කරමින්
මතකය තිබුණා නොමැකී මනසේ හැංගී
කළකට කලින් කලින් කලින්
නැවතුණු හදෙන් හදෙන් හදෙන් යළිත් හමු වුණා නොගිය ගෙවුණු මොහොතක්
රූරා ගලනා වියලී නොමැති රුහිරු
කළකට කලින් කලින් කලින්
නැවතුණු හදෙන් හදෙන් හදෙන්",ඇවිළුණා ගිණි පුපුරු සිතිවිලි පතුළේ,ගිණි පුපුරු ,නපුරු,නපුරු තඩහ සිතුවිලි පහල උන බව කියවේ,,,,
rosa peththa,රෝස පෙත්ත,2012,Kelum Srimall,කැලුම් ශ්‍රීමාල්,indrachapa liyanage,ඉන්ද්‍රචාපා ලියනගේ,"රෝස පෙත්තේ ලියූ පෙම් පතක්…
නුරා උයන කැලබූ ඇරයුමක්…
නොසිතු… නොපැතූ… මේ තරම්. මත්පහසක්…
පොරොන්දුවක්. වරෙන්තුවක්.
සහිත ඡේදයක්…
ආදරයේ දේවතාවියේ…
සිහින සැපම මැව්ව ජිවිතේ.
අමුර්තේ බදුවූ මදු ගා අමුතූ…
ඔබ මැව්ව ලොවම පෙම් රසෝගයක්.
ආදරයේ මැවුම් කාරියේ…
සියුම් සිනිදු ලෙසින් ලං වුනේ…
ලැමදේ… තෙරපී… දොරගා ඇමතූ…
ඔබේ හඩද ඇඩෙනසුලු නියෝගයක්.
ඔබ මැව් මැදුර ම්… සුපිරි සිරගෙයක්.
මන්දහාස පිරුනු සුරපුරේ.
ගීත තෙපුල් පුරන සාදයේ…
සොදුරූ. කිදුරූ. සැනසූ. මදිරාවේ.
හදේ හැගුම් ඔබ හොරෙන් අරං.",රෝස පෙත්තේ ලියූ පෙම් පතක්…,රෝස පෙත්තේ,ඉතා ආදරයෙන් ,ඉතා ආදරයෙන් හා ලෙන්ගතු කමින් ලියූ පෙම් හසුනක් ගැන කියවේ,,,,
irima udaye,ඉරිමා උදයේ,2004,Sujeewa Sampath Pieris,සුජීව සම්පත් පීරිස්,kasun kalhara indrachapa liyanage,"කසුන් කල්හාර, ඉන්ද්‍රචාපා ලියනගේ"," ඉරිමා උදයේ
සීතල මුතු පිණි මතින්
මද්දහනේ වැටෙනා
හිරුගේ කිරණ වැසි
සිත් නිම්නයට සතුටක්
ගතේ දුවනා ආදරේ නොදී එය සඟවා
මුවගට සිනා තබා
දෑසට කඳුළු ගෙනා
ආදරේ නොදී එය සඟවා
මුවගට සිනා තබා
දෑසට කඳුළු ගෙනා ඔබ ඇඳි සිතුවම් මතකේ රැඳුණා
එය දකිනා…
නෙත් සතුටක්දෝ
ඔබ ඇඳි සිතුවම් මතකේ රැඳුණා
එය දකිනා…
නෙත් සතුටක්දෝ",ඔබ ඇඳි සිතුවම් මතකේ රැඳුණා,ඔබ ඇඳි සිතුවම්,ඔබගේ රූපය,ඔබගේ රූපය මතකයට ආ බව කියයි,,,,
Sanda eliya,සද එලිය,2011,Nuwan Thotawaththa,නුවන් තොටවත්ත,kasun kalhara indrachapa liyanage,"කසුන් කල්හාර, ඉන්ද්‍රචාපා ලියනගේ"," මේ රාත්‍රි යාමේ
සුසුමන් මිදෙන සීතේ
තනිවී අන්ධකාරේ
පතනා උණුහුමයි ඒ එළියක් සඳ නිසා අඳෙනු දකිනෙමි
කළුවන් වලා පරදනා
සුළඟක් වඩින තුරු මඟබලා ඉමි
සඳවත දෙනෙත හමුවනා ඒ සොඳුරු සීතේ
මා පතන ලෝකේ
කෙළෙස මා සොයම්දෝ
සඳවතේ මේ නිල් ජලාසේ
කුසුමක් සොයන දෑසේ
මිදෙනා කඳුළු අතරේ
පතනා සැනසුමයි ඒ පර මල් විලක රොන් රස සොයා යන
මේ දිගු ගමන නිමවෙනා
මධු රොන් පිරුණු නුඹේ වත හමුවන
දින ගැන පැතුම් පීදෙනා මේ අඳුරු යාමේ
මා සැමට රහසේ
ඇදෙමි ඒ සිත් මලේ
රොන් සොයා දහසක් කළු වලා අතර මෙතුවක්
හද පැතු එළිය සැඟවෙනා
සුළඟක් අවැසි නුඹේ උව දකිනට
සුළඟක් මවනු කෙළෙස මා","මේ රාත්‍රි යාමේ
සුසුමන් මිදෙන සීතේ
තනිවී අන්ධකාරේ",සුසුමන් මිදෙන සීතේ,අධික සීතලක් ,අධික සීතලක් ඇති මේ රාත්‍රියේ තනි වී සිටින බව කියවේ,,,,
Sithin ma nosali,සිතින් මා නොසැලී,2001,Premakirthi da Alwis,ප්‍රේමකීර්ති ද අල්විස්,T m jayarathne,ටී එම් ජයරත්න,"හිතින් මා නොසැලි ඉදිද්දි
කඳුල නුඹ ඇවිදින්
නිවා දැමු ඒ නෙතේ පිඩා
නොබිඳිනු මැනවී...
තනිව මා හඬනා වෙලාවේ
සැලී සැලී සීතේ
වැටුනු මහා වරුසා මතක්වී
නුඹ රැදි දෑසේ...
හිතින් මා නොසැලි ඉදිද්දි
කඳුල නුඹ ඇවිදින්
නිවා දැමු ඒ නෙතේ පිඩා
නොබිඳිනු මැනවී...
තවම මා නොදුටු සිනාකැන්
හමුනොවු යාමේ
කඳුල මට කරැණා කරන්නැයි
අයදිමි නිබඳේ...
හිතින් මා නොසැලි ඉදිද්දි
කඳුල නුඹ ඇවිදින්
නිවා දැමු ඒ නෙතේ පිඩා
නොබිඳිනු මැනවී...","හිතින් මා නොසැලි ඉදිද්දි
කඳුල නුඹ ඇවිදින්
නිවා දැමු ඒ නෙතේ පිඩා
නොබිඳිනු මැනවී...",කඳුල නුඹ ඇවිදින්,හඩනවා,සියලු දේ දරාගෙන නොහඩා සිටින බව කියයි,,,,
natasha,නටාශා,2010,Upul Shantha Sannasgala,උපුල් ශාන්ත සන්නස්ගල,kasun kalhara indrachapa liyanage,"කසුන් කල්හාර, ඉන්ද්‍රචාපා ලියනගේ","නතාෂා ඇවිදින් ගියා
පියාඹා වෙරලින් එහා

නයිල් ගඟේ ඉවුරේ
ආදම්ගේ උයනේ
රොන් සලා ඈ ගියා
නතාෂා

කිරිල්ලී මල් මී තියා
ඉගිල්ලී රෑනේ ගියා

ආයෙත් ආයෙත් ආයෙත් එනවා
අහසෙ පොළොවෙ සුළෙඟෙ වෙලෙනවා
නිල් නිල් නිල් දැහැනේ එලෙනවා
සිත්සේ දොතොලේ පහසේ ඔබ මා
සිඹිනවා සිහිනෙන් තැවෙනවා","නතාෂා ඇවිදින් ගියා
පියාඹා වෙරලින් එහා","ඇවිදින් ගියා
පියාඹා වෙරලින්",වෙනත් රටකට ගියා,නතාශා නම් කාන්තාවක් මෙරට සිට වෙනත් රටකට ගිය බව අගවයි,,,,
Palanchiye,පලංචියේ,2001,Wasantha kumara kobavaka,වසන්ත කුමාර කොබවක,"edward jayakody, sunil edirisingha","එඩ්වඩ් ජයකොඩි, සුනිල් එදිරිසිංහ","පලංචියේ… ලී ඉරුවේ… අපි එකට
මල් පැන් පොදක් රහ බැලුවේ අපි ‍එකට
එක වාඩියේ…කල් ඇරියෙත් හිත හොදට…
ඇයි මස්සිනේ… පෙම් කලේ අපි එක මලට

විරසක වී රුපුන් ලෙස යුද වදින්නද…
කුළුදුල් පෙම මෙයයි ඉන් අත් ‍මිදෙන්නද…
පෙම්දම් නිසා… මිතුදම් සිඳ දමන්නද…
හොදහිත නු‍ඹෙ තරම් ලොවකින්… ලබන්නද..

පලංචියේ… ලී ඉරුවේ… අපි එකට
මල් පැන් පොදක් රහ බැලුවේ අපි ‍එකට
එක වාඩියේ…කල් ඇරියෙත් හිත හොදට…
ඇයි මස්සිනේ… පෙම් කලේ අපි එක මලට

දොඩමලු කතා නැහැ… අද වාඩිය හෙවනේ…
නිදිනැති රැය පුරා නුඹෙ සුසුමයි… ඇසුනේ..
හොර රහසින්ම… එක සුවඳක්… පැතු පමිනේ…
නුඹවත් නැතිවේද හෙට මට සකි සඳුනේ…",මල් පැන් පොදක් රහ බැලුවේ අපි ‍එකට,මල් පැන් පොදක්,මත් වතුර, එකට කෑම බීම ගනිමින් සහයෝගයෙන් ජීවත් වූ බව කියවේ,,,,
Mata Aloke Genadewi,මට ආලෝකේ ගෙනදේවි,2010,Unkown,නොදනී ,Iraj Weerarathne,ඉරාජ් වීරරත්න,"මට ආලෝකේ ගෙනදේවි සංසාරයේ
මට ආලෝකේ ගෙනදේවි සංසාරයේ
මගෙ ජීවන හදේ බැමි ස්ථිරවේ
මට ආලෝකේ ගෙනදේවි සංසාරයේ
මට ආලෝකේ ගෙනදේවි සංසාරයේ
මනහාරීවේ මෙනිවස දේ පින මා
මනහාරිවේ මෙනිවස දේ පින මා
ලෝකෙ නිම් නෑ සෙනේහෙ මැවූ රන් රහා
ලෝකෙ නිම් නෑ සෙනේහෙ මැවූ රන් රහා
තිර මා ආලෙ හෘදේහි දුල්සාර වේ
මට ආලෝකේ ගෙනදේවි සංසාරයේ
මට ආලෝකේ ගෙනදේවි සංසාරයේ
මගෙ ජීවනය රස මල් සිනාවෙන් වෙලී
මගෙ ජීවනය රස මල් සිනාවෙන් වෙලී
සිත සැනසිල්ල හිමි පාද සෙවණේ සැදී
සිත සැනසිල්ල හිමි පාද සෙවණේ සැදී
නෙක හැඩපා ඔබේ පාද පරිචාරිකා
මට ආලෝකේ ගෙනදේවි සංසාරයේ
මට ආලෝකේ ගෙනදේවි සංසාරයේ
ලෝකයේ මේ වගේ කොයිද රස කන්කළු
ලෝකයේ මේ වගේ කොයිද රස කන්කළු
සෑදේ මහදේ මෙ සැමියාට ආලේ කෙරූ
සෑදේ මහදේ මෙ සැමියාට ආලේ කෙරූ
මාගේ පූජා පියා මාගෙ නිර්වාණෙ වේ
මට ආලෝකේ ගෙනදේවි සංසාරයේ
මට ආලෝකේ ගෙනදේවි සංසාරයේ
මගෙ ජීවන හදේ බැමි ස්ථිරවේ
මට ආලෝකේ ගෙනදේවි සංසාරයේ
මට ආලෝකේ ගෙනදේවි සංසාරයේ",මගෙ ජීවන හදේ බැමි ස්ථිරවේ,ගොඩනැගිලි ,විශ්වාසය ,ඔහුගේ ජීවිතයට විශ්වාසය හා ශක්තිය ලැබී ඇති බව,"මට ආලෝකේ ගෙනදේවි සංසාරයේ
",ආලෝකේ ,සතුට සෞභාග්‍ය,මේ සංසාරයේ මට සතුට සෞභාග්‍ය ලගා කරදෙන බව
Oba Mata Ahimi Wela,ඔබ මට අහිමි වෙලා,2012,Sajith Chathuranga,සජිත් චතුරංග ,Manjula Pushpakumara,මංජුල පුෂ්පකුමාර ,"හිමි වුනු ඔබ මට අහිමි වෙලා
කොහොමද වාවා ගන්නේ මා
ආදරේ...
පැ ආදරේ...
නිදි නැති රැය ඔබ ගැනම සිතා...
මතකය පාර කදුළු සලා...
ජීවිතේ...
මේ ජීවිතේ...
සිතුවෙ නෑ පැහැසර සිනා
කුරිරු වී හැර යයී කියා...
ඔ. ඔ...
සිහින නේලා...
පැලදුව දා...
මල් මාල හිත් මානයේ...
සිහි වේනවා උමතු සිනා...
නිල් පාට නේත් මායීමේ
සිහින නේලා පැලදුව දා
මල් මාල හිත් මානයේ.
සිහි වේනවා උමතු සිනා
නිල් පාට නේත් මායීමේ
ලන් උනේ...
වෙන් වේන්න න නම්
පේම් කලේ...
තුරැලේ ඉදන්
ඇයි ඔයා මට මේ තරම්...
මෙ කසාදේ කේරැනොත්
ජිවිතයට මොනවා වේයීද කීයන්න බැහැ
පේම බිද දා...
හැර හිය දා...
දුක දැනුනේ නැති දො මගේ...
කදුළු හොරා වැටෙන තුරා
පිටු පෑවේ ඇයි ජිවිතේ...
පේම බිද දා...
හැර ගිය දා...
දුක දැනුනේනැති දො මගේ
කදුළු හොරා වැටෙන තුරා
පිටු පෑවේ ඇයි ජිවිතේ...
ලන් උනේ වේන් වේන්න නම්...
පේමි කලේ තුරැලේ ඉදන්
ඇයි ඔයා මට මේ තරම්...
හිමි වුනු ඔබ මට අහිමි වෙලා
කොහොමද වාවා ගන්නේ මා
ආදරේ...
පැ ආදරේ... නිදි නැති රැය ඔබ ගැනම සිතා...
මතකය පාර කදුළු සලා...
ජීවිතේ...
මේ ජීවිතේ...
සිතුවෙ නෑ පැහැසර සිනා
කුරිරු වී හැර යයී කියා...
ඔ. ඔ..","සිතුවෙ නෑ පැහැසර සිනා
කුරිරු වී හැර යයී කියා...",පැහැසර සිනා,ආදරය ,ඔහු කවදාවත් හිතුවේ ආදරය නැති වෙයි කියලා,මතකය පාර කදුළු සලා...,මතකය පාර,පෙර මතකයන් යලි සිහියට ගැනීම,පෙර මතකයන් යලි සිහියට ගෙන හඩන බව කියවේ
Sandalatha Payala,සඳලතා පායලා,2004,Keerthi Pasquel,කීර්ති පැස්කුවෙල්,Keerthi Pasquel,කීර්ති පැස්කුවෙල්,"සඳලතා පායලා
මල් වැට ගාව ඉරි මා උදේ
සුදුමල් තාරුකා වන්
ඇගේ පරිවාර තරුවැල් වගේ
(සඳුට උපමා ඔබයි ලඳුන්නේ
මටයි හැඟුනේ ආදරේ)

සඳලතා පායලා
මල් වැට ගාව ඉරි මා උදේ
සුදුමල් තාරුකා වන්
ඇගේ පරිවාර තරුවැල් වගේ
සඳුට උපමා ඔබයි ලඳුන්නේ
මටයි හැඟුනේ ආදරේ

මන්දිරේ කවුලුවෙන් මං මේ උදේ
නෙත් පුරා බලා ඉදින්නේ රූ ඔබේ
ඔබට රහසේ ප්‍රේමාදරේ
මට දැනුණා රත්තරන්

මන්දිරේ කවුලුවෙන් මං මේ උදේ
නෙත් පුරා බලා ඉදින්නේ රූ ඔබේ
ඔබට රහසේ ප්‍රේමාදරේ
මට දැනුණා රත්තරන්

සඳලතා පායලා
මල් වැට ගාව ඉරි මා උදේ
සුදුමල් තාරුකා වන්
ඇගේ පරිවාර තරුවැල් වගේ

වෑහෙනා මුත් ඒ මනෝ ලෝ චේතනා
පෙම් කරන්නත් නෑ ප්‍රියේ පින් වාසනා

වෑහෙනා මුත් ඒ මනෝ ලෝ චේතනා
පෙම් කරන්නත් නෑ ප්‍රියේ පින් වාසනා

පාළු රාත්‍රියේ සද රේණුවන්
පුරවන්නකෝ රත්තරන්

පාළු රාත්‍රියේ සද රේණුවන්
පුරවන්නකෝ රත්තරන්

සඳලතා පායලා
මල් වැට ගාව ඉරි මා උදේ
සුදුමල් තාරුකා වන්
ඇගේ පරිවාර තරුවැල් වගේ
සඳුට උපමා ඔබයි ලඳුන්නේ
මටයි හැඟුනේ ආදරේ",සුදුමල් තාරුකා වන්,මල්,අලංකාරය,"ඇය ඉතා ලස්සනයි, ඇයව දැකීමෙන් මගේ සිත සතුටු වෙනවා",,,,
Sanda Warunawata,සඳ වරුණාවට,2014,"Samitha Mudunkotuwa, Athula Adikari","සමිතා මුදුන්කොටුව, අතුල අදිකාරි","Samitha Mudunkotuwa, Athula Adikari","සමිතා මුදුන්කොටුව, අතුල අදිකාරි","සඳ වරුණාවට තරු කැට ආකාසේ
මල් වරුණාවට පිනි වරුසා දිලිසේ
සඳ මාමා අර කිරි පැණි නෑ දෙන්නේ
සඳ වරුණාවට අපි නම් නෑ එන්නේ…

පිනි දරුවෝ අපි මල් සරසා ඉන්නේ
මල් වරුණාවට විතරයි අපි එන්නේ
මං පොඩි කාලෙත් හඳ මාමා උන්නේ
රන් තැටියේ ඔය කිරි පැණි නෑ දුන්නේ…

හඳ අහසේ හිනැහෙනවා මිදුල පුරා රැස් පිපෙනා
ඒ සුදු පාටලු කිරි පැණි හැම පැතිරේ
අපි මිදුලේ නටන වෙලේ පහන නිවා යන්න එපා
හඳ එළියක් හරි දෙන්නකෝ හඳ මාමේ…

මල් උදයේ හඳ නැතිලූ හඳ එන රෑ මල් නැතිලූ
ඇයි ඔය සේරම එක පාරට නැත්තේ
මල් පිපිලා උදේ හැඩයි හඳ පායා රැයේ රුවයි
එතකොට රෑ මෙන් උදෙත් ලස්සනයිනේ…",මල් වරුණාවට පිනි වරුසා දිලිසේ,සොබාදහම,උදෑසන,ජල බිංදු සහිත මල් පෙනුම ප්රසන්න ස්වභාවයක් පෙන්නුම් කරයි.,මල් උදයේ හඳ නැතිලූ හඳ එන රෑ මල් නැතිලූ,මල්,ජීවිතය,ජීවිතය සියලු ප්‍රීතිමත් අවස්ථාවන්ගෙන් පිරී නැත
Harde Kiniththuwe,හෘද කිනිත්තුවේ,2006,Wasantha DukgannaRala,වසන්ත දුක්ගන්නාරල,Ranindu,රනිදු ,"හෘද කිනිත්තුවේ හාදුවෙන්
පුලුලුකුලේ මා සතපමින්
මුවට මුව තබා කොදුරමින්
මල් රොන් පුරමුද
දෙතොල් අගින්

හෘද කිනිත්තුවේ හාදුවෙන්
පුලුලුකුලේ මා සතපමින්
මුවට මුව තබා කොදුරමින්
මල් රොන් පුරමුද
දෙතොල් අගින්

හීයක් අරන් ඔබ
මල්සර දුන්නක
කුල්මත් කලා සිත
උන්මාදයෙන්
ගින්නක් අරන් ඔබ
හීයක් අරන් එන
හීනෙන් ගමන් යන
මල්මද බිසවද මං

හෘද කිනිත්තුවේ හාදුවෙන්
පුලුලුකුලේ මා සතපමින්
මුවට මුව තබා කොදුරමින්
මල් රොන් පුරමුද
දෙතොල් අගින්

හෘද කිනිත්තුවේ හාදුවෙන්
පුලුලුකුලේ මා සතපමින්
මුවට මුව තබා කොදුරමින්
මල් රොන් පුරමුද
දෙතොල් අගින්","හෘද කිනිත්තුවේ හාදුවෙන්
",මිනිස් ශරීරය,ආදරය,හාදුවක් හෘද ස්පන්දන වේගය වැඩි කරයි,"මල් රොන් පුරමුද
දෙතොල් අගින්
",සොබාදහම,ආදරය,සිපගැනීමක් පිලිබදව අදහස් කරයි
Sanda Madala,සඳ මඩල,2003,Pallegama Hemarathana Thero,පල්ලේගම හේමරතන හිමි ,"Nirosha Virajini
",නිරෝෂා විරාජිනී ,"සඳ මඩල වී ගුවනේ දිලෙයි
සඳ සිහිල වී හදවත රැඳෙයි
දුර ඈත සිටියත්
පාවී ... පාවී ...ආවොත්
මද සුලඟ සේ ගත සිත නිවයි
ඵල බරව සෙවණ සදනා
තුඹු රුකකි නුඹ විසල්
ඵල බරව සෙවණ සදනා
තුඹු රුකකි නුඹ විසල්
ඒ මියුරු ඵල රස විඳිනා
පින නැතත් සිත තුටින් පිරීයයී
සසර හමුවන පැතුම්
හිත දරාගෙන හිඳිම්
සසර හමුවන පැතුම්
හිත දරාගෙන හිඳිම්
අද අහිමි වෙන දේ යලිත්
හෙට දෙපාමුල රැඳෙයි
මේ නොවෙද ජීවිතේ
හිත නිවන
සිතිවිල්ල
එයම වේ
හිත නිවන
සිතිවිල්ල
එයම වේ","සඳ මඩල වී ගුවනේ දිලෙයි
සඳ සිහිල වී හදවත රැඳෙයි
දුර ඈත සිටියත්",සඳ ,පෙම්වතා ,ඔබ දුරින් සිටියත් ඔබ සැමදා මගේ හදවතේ ජීවත් වේවි,දෙපාමුල රැඳෙයි,දෙපාමුල ,තමන් සන්තකයේ ,තමන් යටතට පත් වෙයි 
Nadunana Sihine,නාදුණන සිහිනේ,2003,Unknown,Unknown,"Nirosha Virajini
",නිරෝෂා විරාජිනී ,"නාදුණන සිහිනේ

සාගරය විලසේ
දුර ඇතටම ඇදුනේ
රළ පාවෙවී බිදුණේ
වේදනා නංවා

ආදරේ හංගා

මගේ හද පතුලේ

සාගරය තරමේ
මගේ ආදරය රැදුණේ
ඔබ නැ එලෙස බැදුනේ
දුක වැඩි හින්ද

මම ඉකිබින්දා
දුක වැඩි හින්ද
මම ඉකිබින්දා

නාදුණන සිහිනේ

මහ සාගරය විලසේ


ආදරය හමුවේ

ආ ගමන සිහිවේ
දුර යාහැකිද සෙනෙහේ
සිත වාවණුය බැරිවේ
හඩනා යාමේ
මා තනිවුයේ

මා හදට දැනුනේ

මා ලගම රැදුනේ
මුදු මේ සුවද විතරයි
රුදු මේ කදුළු බිදුවයි
කදුල මට මිතුරුයි
තනිය මට උරුමයි
කදුල මට මිතුරුයි
තනිය මට උරුමයි

නාදුණන සිහිනේ
මහ සාගරය විලසේ","නාදුණන සිහිනේ
සාගරය විලසේ
දුර ඇතටම ඇදුනේ
රළ පාවෙවී බිදුණේ
වේදනා නංවා
ආදරේ හංගා",සාගරය ,වේදනාව ,විරහ වේදනාව පිලිබදව අදහස් කරයි,"සාගරය තරමේ
මගේ ආදරය රැදුණේ",සාගරය,ආදරය ,මම ගොඩක් ආදරය කලා කියවේ
Waluka Kathare,වාලුකා කතරේ,2004,Saman Chandranath Weerasinghe,සමන් චන්ද්‍රනාත් වීරසිංහ,"Nirosha Virajini
",නිරෝෂා විරාජිනී ,"වාලුකා කතරේ
නිදිනේනා රාත්‍රියේ
තාරුකා ගානේ
කවි ලීවා කඳුලින් ප්‍රේමයේ..//
වෙන්වෙලා ආදා
හස නගා මූනේ
හිත හැඬු සේයා
ගොළු කලා දෑසේ
හමුවන්නේ ආයේ කවදා ප්‍රියයානේ මේ අපි
වේදනාවන්ද ආදරේ නැතිදාට කාසි

වාලුකා කතරේ
නිදිනේනා රාත්‍රියේ
තාරුකා ගානේ
කවි ලීවා කඳුලින් ප්‍රේමයේ
වාලුකා කතරේ....

නලවනා යාමේ
සිටු ළමා දෑතේ
කල්පනා හීනේ
දිය උනා දෑසේ
නළවන්නේ පුංචි ඈයෝ
කවදාදෝ මා ඔබේ
ඒ දිනේ තාම තාරකා
නැතිවාලු කීවේ.....

වාලුකා කතරේ
නිදිනේනා රාත්‍රියේ
තාරුකා ගානේ
කවි ලීවා කඳුලින් ප්‍රේමයේ.........//
වාලුකා කතරේ","වාලුකා කතරේ",කාන්තාරය ,ජීවිතය ,ප්‍රශ්න වලින් බරවූ ජීවිතයක් ගැන අදහස් කරයි,කල්පනා හීනේ දිය උනා දෑසේ,කල්පනා හීනය ,බලාපොරොත්තු ,බලාපොරොත්තු  සුන් වීම බව අදහස් කරයි
Desin Samugena,දෑසින් සමුගෙන,2005,Unkown,නොදනී ,Bathiya and Santhush,භාතිය සහ සන්තුෂ්,"දෑසින් සමුගෙන යයි පියාඔා
ඡිවිතේ නවතා තියා//
කිසි කෙනෙක් නැත ලං වෙලා
ඔබ තරමි සිත පෙමි පුරා
ඔබ ගියා දුර වෙන් වෙලා
ආදරේ මට නෑ කියා
දෑසින් සමුගෙන ...//
දැත දි ලං විලා
මා ලයෙ සැතපිිලා
සැමදා සැනසිලා
ආදරෙ මට කිිවා
කාටදෝ නතු විලා
මා මුලාවක දාලා
පාවුනා පිටු පාලා
මා ලොවෙ තනි විිලා
දෑසින් සමුගෙන ...//
ආදරේ නිම විලා
වෙිදනා බර විලා
සාමයේ මැදි විිලා
මා පරාජිත විලා
සිහිනයේ දැවටිලා
මා සොයා ඔබ ආවා
රෑපුරා සැනසිලා
පාවුනා සැගවිලා
දෑසින් සමුගෙන ...//","මා මුලාවක දාලා
පාවුනා පිටු පාලා",සොබාදහම ,ක්‍රියාව ,මාව පාවා දී අතහැර දමා ඇත,දෑසින් සමුගෙන යයි පියාඔා,පියාබනව ,ගමන් කිරීම ,ඇස් වලට නොපෙනෙන දුරකට යන බව
Dedunna Sedi,දේදුන්න සේදී,2010,Nilar N Cassim,නිලාර් එම් කාසිම්,Bathiya and Santhush,භාතිය සහ සන්තුෂ්,"දේදුන්න සේදී
වෑ නිල්ල උතුරා
ලා දම් අහසින්
වැස්සක් වැටුණා
මනමාලි වී ඈ
හද ගින්න අවුලා
පිටගම් යනවා
බොඳවී පෙනුණා
බාලේ ඉඳලා
හද බැඳි ආදරේ
ගෙල රන් තාල නොබැඳී
අවසන් උනේ
කාලේ ගෙවිලා මං
ගම ආ දිනේ
ඈ කරකාර බැඳලා
නොකියා ගියේ
දේදුන්න සේදී
වෑ නිල්ල උතුරා
ලා දම් අහසින්
වැස්සක් වැටුණා
මාදං කැලෑවේ
ළඳු ඕවිටේදී
බාලේ ඉඳන් කී
කවි ගීතිකා
පාවී ගියාවේ
සුළඟේ වෙළීලා
ආලේ නමින් වූ
හද ගී මකා
නොසිතූ සේ...
ආදර මල්පෙති විසිරෙයි
සිත වැළපේ
සුහදේ...
නොපැතූ සේ...
යායුතු වේ
මේ ඉරණම් ගමනේ
කඳුලින් මෙසේ...
දේදුන්න සේදී
වෑ නිල්ල උතුරා
ලා දම් අහසින්
වැස්සක් වැටුණා
මනමාලි වී ඈ
හද ගින්න අවුලා
පිටගම් යනවා
බොඳවී පෙනුණා
ලා නීල වැල්ලේ
වැව් තාවුලේදී
දිවුරා හදින් ඈ
බහ දුන් නිසා
දෑසින් මහෝගේ
උතුරා ගැලූ ඒ
දොරේ ගැලූ දා
බැඳි ආදරේ
තනි වූ දා...
මවු පිය සෙනෙහසටයි
හිස නැමුණේ
රහසේ...
නොපැතූ දා... මා
හද දෙව්ලොව හැර යන්නම්
මිහිරේ.
තරු ඇස් වැසේ...
දදේදුන්න සේදී
වෑ නිල්ල උතුරා
ලා දම් අහසින්
වැස්සක් වැටුණා
මනමාලි වී ඈ
හද ගින්න අවුලා
පිටගම් යනවා
බොඳවී පෙනුණා
බාලේ ඉඳලා
හද බැඳි ආදරේ
ගෙල රන් තාල නොබැඳී
අවසන් උනේ
කාලේ ගෙවිලා
මං ගම ආ දිනේ
ඈ කරකාර බැඳලා
නොකියා ගියේ
දේදුන්න සේදී
වෑ නිල්ල උතුරා
ලා දම් අහසින්
වැස්සක් වැටුණා",හද ගින්න අවුලා,ගින්දර ,දුක ,සිතේ දුකක් ඇතිකරවා ඇති බව කියවේ,ආදර මල්පෙති විසිරෙයි,විසිරෙනවා ,නැතිවෙනවා ,ආදරය නැතිවී යාම 
Paya ai Hinehenne,පායා ඈයි හිනෑහෙන්නෙ,2004,Rookantha Gunathilaka,රූකාන්ත ගුණතිලක,Rookantha Gunathilaka,රූකාන්ත ගුණතිලක,"පායා ඈයි හිනෑහෙන්නෙ
නිල් ගුවනෙ තරු රාශී
නෑතිවී නෑතිවීනම් ඈගෙ මුහුනෙ
නිල්වන් දෙනෙතේ කාන්ති
පායා ඈයි හිනෑහෙන්නෙ...
ඈගෙ වත මට නොපෙනේ නම්
පුන් සද ඈයි හිනෑහෙන්නේ...
ඈගෙ වත මට නොපෙනේ නම්
පුන් සද ඈයි හිනෑහෙන්නේ...
නෑති දා ඈගෙ ගී රාවෙ
කොවුලනි ඈයි ගී ගෑයුවෙ
කොවුලනි ඈයි ගී ගෑයුවෙ
වනයෙ පිපි මල් ගොමුවෙ
සමනලයනි ඈයි නෑටුවෙ
නෑතිවී නෑතිවීනම් ඈගෙ මුහුනෙ
නිල්වන් දෙනෙතේ කාන්ති
පායා ඈයි හිනෑහෙන්නෙ
ඈගෙ දිමුතු දසන් නොපෙනි
මට මොකටද මුතු පන්තී...
ඈගෙ දිමුතු දසන් නොපෙනි
මට මොකටද මුතු පන්තී...
ඈගෙ කදුලෑලි නෑති විටදි
ඔනෑ නෑ දියමන්ති
ඔනෑ නෑ දියමන්ති
පායා ඈයි හිනෑහෙන්නෙ
නිල් ගුවනෙ තරු රාශී
නෑතිවී නෑතිවීනම් ඈගෙ මුහුනෙ
නිල්වන් දෙනෙතේ කාන්ති
පායා ඈයි හිනෑහෙන්නෙ...",නිල්වන් දෙනෙතේ කාන්ති,මැණික්,ඇස්,ඇගේ ඇස් ඉතා ආකර්ෂණීය හා ඉතා ලස්සනයි.,පුන් සද ඈයි හිනෑහෙන්නේ...,සඳ,විහිළුවක්,සඳ අඳුරු රාත්‍රියක් වන අතර හාස්‍යජනක ලෙස බිඳී යාම පිළිබිඹු කරයි. 